{
  "foundations": [
    {
      "id": "einstein-field-equations",
      "title": "Einstein Field Equations",
      "category": "general_relativity",
      "year": 1915,
      "author": "Albert Einstein",
      "latex": "G_{\\mu\\nu} + \\Lambda g_{\\mu\\nu} = \\frac{8\\pi G}{c^4} T_{\\mu\\nu}",
      "description": "The fundamental equations of General Relativity that describe how matter and energy curve spacetime, and how curved spacetime tells matter how to move.",
      "prerequisites": ["metric-tensor", "ricci-tensor"],
      "references": []
    },
    {
      "id": "metric-tensor",
      "title": "Metric Tensor",
      "category": "differential_geometry",
      "year": 1854,
      "author": "Bernhard Riemann",
      "latex": "ds^{2} = g_{\\mu\\nu} dx^{\\mu} dx^{\\nu}",
      "description": "The fundamental mathematical object that encodes the geometry of spacetime, defining distances, angles, and the causal structure of the universe.",
      "prerequisites": [],
      "references": []
    },
    {
      "id": "ricci-tensor",
      "title": "Ricci Tensor & Ricci Scalar",
      "category": "differential_geometry",
      "year": 1903,
      "author": "Gregorio Ricci-Curbastro, Tullio Levi-Civita",
      "latex": "R_{\\mu\\nu} = R^{\\lambda}_{\\mu\\lambda\\nu} \\quad | \\quad R = g^{\\mu\\nu} R_{\\mu\\nu}",
      "description": "The fundamental measures of spacetime curvature that describe how matter and energy bend space.",
      "prerequisites": ["metric-tensor"],
      "references": []
    },
    {
      "id": "dirac-equation",
      "title": "Dirac Equation",
      "category": "quantum_mechanics",
      "year": 1928,
      "author": "Paul Dirac",
      "latex": "(i\\gamma^{\\mu}\\partial_{\\mu} - m)\\psi = 0",
      "description": "The relativistic wave equation for spin-1/2 particles, unifying quantum mechanics and special relativity.",
      "prerequisites": ["clifford-algebra"],
      "references": []
    },
    {
      "id": "dirac-spinor",
      "title": "Dirac Spinors",
      "category": "mathematics",
      "year": 1928,
      "author": "Paul Dirac",
      "latex": "\\psi = (\\psi_{1}, \\psi_{2}, \\psi_{3}, \\psi_{4})^{T}",
      "description": "The mathematical objects that describe fermions with spin-1/2 in relativistic quantum mechanics.",
      "prerequisites": ["clifford-algebra"],
      "references": []
    },
    {
      "id": "clifford-algebra",
      "title": "Clifford Algebra",
      "category": "mathematics",
      "year": 1878,
      "author": "William Kingdon Clifford",
      "latex": "\\{\\gamma^{\\mu}, \\gamma^{\\nu}\\} = 2g^{\\mu\\nu}",
      "description": "The mathematical framework that unifies real numbers, complex numbers, quaternions, and geometric algebra.",
      "prerequisites": [],
      "references": []
    },
    {
      "id": "einstein-hilbert-action",
      "title": "Einstein-Hilbert Action",
      "category": "general_relativity",
      "year": 1915,
      "author": "David Hilbert",
      "latex": "S = \\frac{1}{16\\pi G} \\int d^{4}x \\sqrt{|g|} R",
      "description": "The action principle from which Einstein's field equations of General Relativity are derived.",
      "prerequisites": ["ricci-tensor", "metric-tensor"],
      "references": []
    },
    {
      "id": "yang-mills-theory",
      "title": "Yang-Mills Theory",
      "category": "quantum_field_theory",
      "year": 1954,
      "author": "Chen-Ning Yang, Robert Mills",
      "latex": "\\mathcal{L} = -\\frac{1}{4} F^{a}_{\\mu\\nu} F^{a\\mu\\nu}",
      "description": "The foundation of modern particle physics: a non-abelian gauge theory that underlies the strong and electroweak forces.",
      "prerequisites": ["clifford-algebra"],
      "references": []
    },
    {
      "id": "kaluza-klein-theory",
      "title": "Kaluza-Klein Theory",
      "category": "higher_dimensional_physics",
      "year": 1926,
      "author": "Theodor Kaluza, Oskar Klein",
      "latex": "ds^{2}_{(5D)} = g_{\\mu\\nu}dx^{\\mu}dx^{\\nu} + \\phi^{2}(dy + A_{\\mu} dx^{\\mu})^{2}",
      "description": "The groundbreaking theory showing how extra spatial dimensions can unify gravity and electromagnetism.",
      "prerequisites": ["einstein-field-equations"],
      "references": []
    },
    {
      "id": "boltzmann-entropy",
      "title": "Boltzmann Entropy",
      "category": "statistical_mechanics",
      "year": 1877,
      "author": "Ludwig Boltzmann",
      "latex": "S = k_{B} \\ln(\\Omega)",
      "description": "The fundamental equation of statistical mechanics relating entropy to the number of microstates.",
      "prerequisites": [],
      "references": []
    },
    {
      "id": "hawking-temperature",
      "title": "Hawking Temperature",
      "category": "black_hole_physics",
      "year": 1974,
      "author": "Stephen Hawking",
      "latex": "T_{H} = \\frac{\\hbar c^{3}}{8\\pi k_{B} G M}",
      "description": "The temperature at which black holes emit thermal radiation, unifying quantum mechanics and general relativity.",
      "prerequisites": ["einstein-field-equations"],
      "references": []
    },
    {
      "id": "unruh-effect",
      "title": "Unruh Effect",
      "category": "quantum_field_theory",
      "year": 1976,
      "author": "William Unruh",
      "latex": "T_{U} = \\frac{\\hbar a}{2\\pi c k_{B}}",
      "description": "Accelerated observers perceive the quantum vacuum as a thermal bath.",
      "prerequisites": [],
      "references": []
    },
    {
      "id": "kms-condition",
      "title": "KMS Condition",
      "category": "quantum_field_theory",
      "year": 1967,
      "author": "Kubo, Martin, Schwinger",
      "latex": "\\omega(A(t+i\\beta)B) = \\omega(BA(t))",
      "description": "The mathematical condition characterizing thermal equilibrium in quantum systems.",
      "prerequisites": [],
      "references": []
    },
    {
      "id": "tomita-takesaki-theory",
      "title": "Tomita-Takesaki Theory",
      "category": "mathematics",
      "year": 1970,
      "author": "Minoru Tomita, Masamichi Takesaki",
      "latex": "S = J \\Delta^{1/2}",
      "description": "The mathematical framework for modular theory in operator algebras.",
      "prerequisites": [],
      "references": []
    },
    {
      "id": "so10-gut",
      "title": "SO(10) Grand Unified Theory",
      "category": "grand_unification",
      "year": 1974,
      "author": "Howard Georgi",
      "latex": "SO(10) \\supset SU(3) \\times SU(2) \\times U(1)",
      "description": "All Standard Model forces and one generation of matter fit into a single 16-dimensional spinor representation.",
      "prerequisites": ["yang-mills-theory"],
      "references": []
    },
    {
      "id": "calabi-yau-manifolds",
      "title": "Calabi-Yau Manifolds",
      "category": "differential_geometry",
      "year": 1954,
      "author": "Eugenio Calabi, Shing-Tung Yau",
      "latex": "\\text{Kähler-Einstein: } Ric(g) = 0",
      "description": "Complex compact manifolds with vanishing Ricci curvature, fundamental to string theory compactifications.",
      "prerequisites": ["ricci-tensor"],
      "references": []
    },
    {
      "id": "g2-manifolds",
      "title": "G2 Manifolds",
      "category": "differential_geometry",
      "year": 1954,
      "author": "Élie Cartan",
      "latex": "G_2 \\text{ holonomy: } d\\phi = 0, \\, d*\\phi = 0",
      "description": "Exceptional 7-dimensional manifolds with G2 holonomy, preserving supersymmetry in M-theory compactifications.",
      "prerequisites": [],
      "references": []
    },
    {
      "id": "pmns-matrix",
      "title": "PMNS Matrix",
      "category": "neutrino_physics",
      "year": 1962,
      "author": "Pontecorvo, Maki, Nakagawa, Sakata",
      "latex": "U_{PMNS} = \\begin{pmatrix} c_{12}c_{13} & s_{12}c_{13} & s_{13}e^{-i\\delta} \\\\ ... \\end{pmatrix}",
      "description": "The neutrino mixing matrix relating flavor and mass eigenstates.",
      "prerequisites": [],
      "references": []
    },
    {
      "id": "ckm-matrix",
      "title": "CKM Matrix",
      "category": "particle_physics",
      "year": 1973,
      "author": "Cabibbo, Kobayashi, Maskawa",
      "latex": "V_{CKM} = \\begin{pmatrix} V_{ud} & V_{us} & V_{ub} \\\\ V_{cd} & V_{cs} & V_{cb} \\\\ V_{td} & V_{ts} & V_{tb} \\end{pmatrix}",
      "description": "The quark mixing matrix describing flavor-changing weak interactions.",
      "prerequisites": [],
      "references": []
    },
    {
      "id": "higgs-mechanism",
      "title": "Higgs Mechanism",
      "category": "particle_physics",
      "year": 1964,
      "author": "Higgs, Englert, Brout",
      "latex": "\\mathcal{L} = |D_\\mu \\phi|^2 - V(\\phi)",
      "description": "Spontaneous symmetry breaking giving mass to gauge bosons and fermions.",
      "prerequisites": ["yang-mills-theory"],
      "references": []
    },
    {
      "id": "friedmann-equations",
      "title": "Friedmann Equations",
      "category": "cosmology",
      "year": 1922,
      "author": "Alexander Friedmann",
      "latex": "H^2 = \\frac{8\\pi G}{3}\\rho - \\frac{k}{a^2} + \\frac{\\Lambda}{3}",
      "description": "Equations governing the expansion of the universe in homogeneous isotropic cosmology.",
      "prerequisites": ["einstein-field-equations"],
      "references": []
    },
    {
      "id": "renormalization-group",
      "title": "Renormalization Group",
      "category": "quantum_field_theory",
      "year": 1954,
      "author": "Stueckelberg, Petermann, Gell-Mann, Low",
      "latex": "\\mu \\frac{d\\alpha}{d\\mu} = \\beta(\\alpha)",
      "description": "Scale-dependent evolution of coupling constants in quantum field theory.",
      "prerequisites": ["yang-mills-theory"],
      "references": []
    }
  ],
  "fundamental_constants": [
    {
      "id": "speed-of-light",
      "title": "Speed of Light",
      "category": "fundamental_constants",
      "year": 1983,
      "author": "CODATA 2022",
      "latex": "c = 299\\,792\\,458 \\text{ m/s (exact)}",
      "description": "The speed of light in vacuum, defined exactly by the 1983 meter definition.",
      "source": "CODATA 2022",
      "references": ["https://physics.nist.gov/cuu/Constants/"]
    },
    {
      "id": "planck-constant",
      "title": "Planck Constant",
      "category": "fundamental_constants",
      "year": 2019,
      "author": "CODATA 2022",
      "latex": "\\hbar = 6.62607015 \\times 10^{-34} \\text{ J·s (exact)}",
      "description": "The reduced Planck constant, fundamental to quantum mechanics. Defined exactly in 2019 SI redefinition.",
      "source": "CODATA 2022",
      "references": ["https://physics.nist.gov/cuu/Constants/"]
    },
    {
      "id": "newton-constant",
      "title": "Gravitational Constant",
      "category": "fundamental_constants",
      "year": 2022,
      "author": "CODATA 2022",
      "latex": "G = 6.67430(15) \\times 10^{-11} \\text{ m}^3\\text{kg}^{-1}\\text{s}^{-2}",
      "description": "Newton's gravitational constant, governing the strength of gravity.",
      "source": "CODATA 2022",
      "references": ["https://physics.nist.gov/cuu/Constants/"]
    },
    {
      "id": "fine-structure",
      "title": "Fine Structure Constant",
      "category": "fundamental_constants",
      "year": 2022,
      "author": "CODATA 2022",
      "latex": "\\alpha = \\frac{e^2}{4\\pi\\epsilon_0\\hbar c} = \\frac{1}{137.035999177(21)}",
      "description": "The electromagnetic coupling constant, determining the strength of electromagnetic interactions.",
      "source": "CODATA 2022",
      "references": ["https://physics.nist.gov/cuu/Constants/"]
    }
  ],
  "experimental_masses": [
    {
      "id": "electron-mass",
      "title": "Electron Mass",
      "category": "particle_masses",
      "year": 2024,
      "author": "PDG 2024",
      "latex": "m_e = 0.5109989461(31) \\text{ MeV/c}^2",
      "description": "Electron mass from Particle Data Group.",
      "source": "PDG 2024",
      "references": ["https://pdg.lbl.gov/"]
    },
    {
      "id": "muon-mass",
      "title": "Muon Mass",
      "category": "particle_masses",
      "year": 2024,
      "author": "PDG 2024",
      "latex": "m_\\mu = 105.6583745(24) \\text{ MeV/c}^2",
      "description": "Muon mass from Particle Data Group.",
      "source": "PDG 2024",
      "references": ["https://pdg.lbl.gov/"]
    },
    {
      "id": "tau-mass",
      "title": "Tau Mass",
      "category": "particle_masses",
      "year": 2024,
      "author": "PDG 2024",
      "latex": "m_\\tau = 1776.86(12) \\text{ MeV/c}^2",
      "description": "Tau mass from Particle Data Group.",
      "source": "PDG 2024",
      "references": ["https://pdg.lbl.gov/"]
    },
    {
      "id": "w-boson-mass",
      "title": "W Boson Mass",
      "category": "particle_masses",
      "year": 2024,
      "author": "PDG 2024",
      "latex": "m_W = 80.377(12) \\text{ GeV/c}^2",
      "description": "W boson mass from Particle Data Group.",
      "source": "PDG 2024",
      "references": ["https://pdg.lbl.gov/"]
    },
    {
      "id": "z-boson-mass",
      "title": "Z Boson Mass",
      "category": "particle_masses",
      "year": 2024,
      "author": "PDG 2024",
      "latex": "m_Z = 91.1876(21) \\text{ GeV/c}^2",
      "description": "Z boson mass from Particle Data Group.",
      "source": "PDG 2024",
      "references": ["https://pdg.lbl.gov/"]
    },
    {
      "id": "higgs-mass",
      "title": "Higgs Boson Mass",
      "category": "particle_masses",
      "year": 2024,
      "author": "ATLAS & CMS 2024",
      "latex": "m_H = 125.10(14) \\text{ GeV/c}^2",
      "description": "Higgs boson mass from combined ATLAS and CMS measurements.",
      "source": "PDG 2024",
      "references": ["https://pdg.lbl.gov/"]
    }
  ],
  "neutrino_parameters": [
    {
      "id": "theta12-nufit",
      "title": "Solar Mixing Angle θ₁₂",
      "category": "neutrino_physics",
      "year": 2024,
      "author": "NuFIT 6.0",
      "latex": "\\sin^2\\theta_{12} = 0.303^{+0.013}_{-0.012}",
      "description": "Solar neutrino mixing angle from global fits (NuFIT 6.0).",
      "source": "NuFIT 6.0 (2024)",
      "references": ["http://www.nu-fit.org/"]
    },
    {
      "id": "theta23-nufit",
      "title": "Atmospheric Mixing Angle θ₂₃",
      "category": "neutrino_physics",
      "year": 2024,
      "author": "NuFIT 6.0",
      "latex": "\\sin^2\\theta_{23} = 0.450^{+0.020}_{-0.016}",
      "description": "Atmospheric neutrino mixing angle from global fits (NuFIT 6.0).",
      "source": "NuFIT 6.0 (2024)",
      "references": ["http://www.nu-fit.org/"]
    },
    {
      "id": "theta13-nufit",
      "title": "Reactor Mixing Angle θ₁₃",
      "category": "neutrino_physics",
      "year": 2024,
      "author": "NuFIT 6.0",
      "latex": "\\sin^2\\theta_{13} = 0.02246^{+0.00062}_{-0.00062}",
      "description": "Reactor neutrino mixing angle from global fits (NuFIT 6.0).",
      "source": "NuFIT 6.0 (2024)",
      "references": ["http://www.nu-fit.org/"]
    },
    {
      "id": "delta-m21-sq",
      "title": "Solar Mass Squared Difference",
      "category": "neutrino_physics",
      "year": 2024,
      "author": "NuFIT 6.0",
      "latex": "\\Delta m^2_{21} = 7.53^{+0.18}_{-0.18} \\times 10^{-5} \\text{ eV}^2",
      "description": "Solar neutrino mass squared difference from global fits.",
      "source": "NuFIT 6.0 (2024)",
      "references": ["http://www.nu-fit.org/"]
    },
    {
      "id": "delta-m3l-sq",
      "title": "Atmospheric Mass Squared Difference",
      "category": "neutrino_physics",
      "year": 2024,
      "author": "NuFIT 6.0",
      "latex": "\\Delta m^2_{3\\ell} = 2.453^{+0.034}_{-0.034} \\times 10^{-3} \\text{ eV}^2",
      "description": "Atmospheric neutrino mass squared difference (normal ordering).",
      "source": "NuFIT 6.0 (2024)",
      "references": ["http://www.nu-fit.org/"]
    }
  ],
  "cosmological_parameters": [
    {
      "id": "hubble-constant",
      "title": "Hubble Constant",
      "category": "cosmology",
      "year": 2020,
      "author": "Planck 2018",
      "latex": "H_0 = 67.4 \\pm 0.5 \\text{ km/s/Mpc}",
      "description": "Hubble constant from Planck CMB observations.",
      "source": "Planck Collaboration 2018",
      "references": ["https://www.cosmos.esa.int/web/planck"]
    },
    {
      "id": "omega-matter",
      "title": "Matter Density",
      "category": "cosmology",
      "year": 2020,
      "author": "Planck 2018",
      "latex": "\\Omega_m = 0.315 \\pm 0.007",
      "description": "Total matter density parameter from Planck.",
      "source": "Planck Collaboration 2018",
      "references": ["https://www.cosmos.esa.int/web/planck"]
    },
    {
      "id": "omega-lambda",
      "title": "Dark Energy Density",
      "category": "cosmology",
      "year": 2020,
      "author": "Planck 2018",
      "latex": "\\Omega_\\Lambda = 0.685 \\pm 0.007",
      "description": "Dark energy density parameter from Planck.",
      "source": "Planck Collaboration 2018",
      "references": ["https://www.cosmos.esa.int/web/planck"]
    },
    {
      "id": "omega-baryon",
      "title": "Baryon Density",
      "category": "cosmology",
      "year": 2020,
      "author": "Planck 2018",
      "latex": "\\Omega_b h^2 = 0.02237 \\pm 0.00015",
      "description": "Baryon density parameter from Planck.",
      "source": "Planck Collaboration 2018",
      "references": ["https://www.cosmos.esa.int/web/planck"]
    }
  ],
  "metadata": {
    "version": "2.0",
    "created": "2025-12-29",
    "total_foundations": 22,
    "total_constants": 4,
    "total_masses": 6,
    "total_neutrino_params": 5,
    "total_cosmological_params": 4,
    "categories": [
      "general_relativity",
      "quantum_mechanics",
      "quantum_field_theory",
      "differential_geometry",
      "mathematics",
      "statistical_mechanics",
      "black_hole_physics",
      "grand_unification",
      "higher_dimensional_physics",
      "neutrino_physics",
      "particle_physics",
      "particle_masses",
      "fundamental_constants",
      "cosmology"
    ],
    "data_sources": [
      "CODATA 2022",
      "PDG 2024",
      "NuFIT 6.0 (2024)",
      "Planck 2018"
    ]
  }
}
