alpha_4,alpha_5,alpha_sum,alpha_diff,M_GUT_GeV,1/alpha_GUT,tau_p_years,tau_p_uncertainty_OOM,w_0,theta_23_deg,m_KK_TeV,chi_squared
-1.0,-1.0,-2.0,0.0,1.26e+16,25.68,8.870588299802989e+33,1.1199999999999999,-0.8333333333333334,45.0,7.071067812042251,47.616659793662095
-1.0,-0.9,-1.9,-0.09999999999999998,1.287e+16,25.63,9.693425054865626e+33,1.1039999999999999,-0.8340248962655602,44.7,6.726812023722679,45.17952606871266
-1.0,-0.8,-1.8,-0.19999999999999996,1.314e+16,25.58,1.0574033019638463e+34,1.088,-0.8347107438016529,44.4,6.403124237628065,42.96148875690621
-1.0,-0.7,-1.7,-0.30000000000000004,1.341e+16,25.53,1.1515260403137861e+34,1.072,-0.8353909465020576,44.1,6.103277808071659,40.94553096010983
-1.0,-0.6,-1.6,-0.4,1.368e+16,25.48,1.25200430976876e+34,1.056,-0.8360655737704918,43.8,5.830951895059674,39.11266790314096
-1.0,-0.5,-1.5,-0.5,1.395e+16,25.43,1.3591406184410678e+34,1.04,-0.8367346938775511,43.5,5.590169943973081,37.4423158051047
-1.0,-0.3999999999999999,-1.4,-0.6000000000000001,1.422e+16,25.38,1.4732465464137797e+34,1.024,-0.8373983739837398,43.2,5.385164807366622,35.91306674840802
-1.0,-0.29999999999999993,-1.2999999999999998,-0.7000000000000001,1.449e+16,25.33,1.5946429014189118e+34,1.008,-0.8380566801619433,42.9,5.220153254694732,34.50396460722563
-1.0,-0.19999999999999996,-1.2,-0.8,1.476e+16,25.28,1.7236598771494949e+34,0.992,-0.8387096774193549,42.6,5.09901951383793,33.19628416625162
-1.0,-0.09999999999999998,-1.1,-0.9,1.503e+16,25.23,1.860637214253011e+34,0.976,-0.8393574297188755,42.3,5.024937810809204,31.975648795560915
-1.0,0.0,-1.0,-1.0,1.53e+16,25.18,2.005924364054581e+34,0.96,-0.84,42.0,5.00000000025,30.834123362285514
-1.0,0.10000000000000009,-0.8999999999999999,-1.1,1.557e+16,25.13,2.1598806550592645e+34,0.944,-0.8406374501992032,41.7,5.024937810809204,29.771790196189187
-1.0,0.20000000000000018,-0.7999999999999998,-1.2000000000000002,1.584e+16,25.08,2.3228754622837803e+34,0.9279999999999999,-0.8412698412698413,41.4,5.09901951383793,28.797369372300285
-1.0,0.30000000000000004,-0.7,-1.3,1.611e+16,25.03,2.4952883794689455e+34,0.9119999999999999,-0.841897233201581,41.1,5.220153254694732,27.927706214388916
-1.0,0.40000000000000013,-0.5999999999999999,-1.4000000000000001,1.638e+16,24.98,2.677509394225158e+34,0.8959999999999999,-0.84251968503937,40.8,5.385164807366624,27.18630356612019
-1.0,0.5,-0.5,-1.5,1.665e+16,24.93,2.869939066164242e+34,0.8800000000000001,-0.8431372549019608,40.5,5.590169943973081,26.601338018235143
-1.0,0.6000000000000001,-0.3999999999999999,-1.6,1.692e+16,24.88,3.072988708072083e+34,0.8640000000000001,-0.84375,40.2,5.830951895059674,26.203652727978657
-1.0,0.7000000000000002,-0.2999999999999998,-1.7000000000000002,1.719e+16,24.83,3.287080570177514e+34,0.8480000000000001,-0.8443579766536965,39.9,6.103277808071659,26.025090606059823
-1.0,0.8,-0.19999999999999996,-1.8,1.746e+16,24.78,3.5126480275740084e+34,0.8320000000000001,-0.8449612403100776,39.6,6.403124237628065,26.097332964902495
-1.0,0.9000000000000001,-0.09999999999999987,-1.9000000000000001,1.773e+16,24.73,3.7501357708519066e+34,0.8160000000000001,-0.8455598455598455,39.3,6.726812023722679,26.451241961432423
-1.0,1.0,0.0,-2.0,1.8e+16,24.68,4e+34,0.8,-0.8461538461538461,39.0,7.071067812042251,27.116612242118222
-0.9,-1.0,-1.9,0.09999999999999998,1.287e+16,25.63,9.693425054865626e+33,1.1039999999999999,-0.8340248962655602,45.3,6.726812023722679,44.519526068712665
-0.9,-0.9,-1.8,0.0,1.314e+16,25.58,1.0574033019638463e+34,1.088,-0.8347107438016529,45.0,6.3639610308753465,42.176886394046164
-0.9,-0.8,-1.7000000000000002,-0.09999999999999998,1.341e+16,25.53,1.1515260403137861e+34,1.072,-0.8353909465020576,44.7,6.020797289603761,40.059173811683266
-0.9,-0.7,-1.6,-0.20000000000000007,1.368e+16,25.48,1.25200430976876e+34,1.056,-0.8360655737704918,44.4,5.700877125714955,38.148079134536914
-0.9,-0.6,-1.5,-0.30000000000000004,1.395e+16,25.43,1.3591406184410678e+34,1.04,-0.8367346938775511,44.1,5.408326913427108,36.42245247310755
-0.9,-0.5,-1.4,-0.4,1.422e+16,25.38,1.4732465464137797e+34,1.024,-0.8373983739837398,43.8,5.147815070736321,34.85849029987469
-0.9,-0.3999999999999999,-1.2999999999999998,-0.5000000000000001,1.449e+16,25.33,1.5946429014189118e+34,1.008,-0.8380566801619433,43.5,4.924428901151889,33.43044855171126
-0.9,-0.29999999999999993,-1.2,-0.6000000000000001,1.476e+16,25.28,1.7236598771494949e+34,0.992,-0.8387096774193549,43.2,4.7434164905160925,32.11210079452173
-0.9,-0.19999999999999996,-1.1,-0.7000000000000001,1.503e+16,25.23,1.860637214253011e+34,0.976,-0.8393574297188755,42.9,4.609772228917606,30.879059495964697
-0.9,-0.09999999999999998,-1.0,-0.8,1.53e+16,25.18,2.005924364054581e+34,0.96,-0.84,42.6,4.527692569344787,29.711814232264178
-0.9,0.0,-0.9,-0.9,1.557e+16,25.13,2.1598806550592645e+34,0.944,-0.8406374501992032,42.3,4.500000000277778,28.598948154112044
-0.9,0.10000000000000009,-0.7999999999999999,-1.0,1.584e+16,25.08,2.3228754622837803e+34,0.9279999999999999,-0.8412698412698413,42.0,4.527692569344787,27.539667567012568
-0.9,0.20000000000000018,-0.6999999999999998,-1.1,1.611e+16,25.03,2.4952883794689455e+34,0.9119999999999999,-0.841897233201581,41.7,4.609772228917606,26.544801856163097
-0.9,0.30000000000000004,-0.6,-1.2000000000000002,1.638e+16,24.98,2.677509394225158e+34,0.8960000000000001,-0.84251968503937,41.4,4.7434164905160925,25.635919308798126
-0.9,0.40000000000000013,-0.4999999999999999,-1.3000000000000003,1.665e+16,24.93,2.869939066164242e+34,0.8800000000000001,-0.8431372549019608,41.1,4.92442890115189,24.842913753751695
-0.9,0.5,-0.4,-1.4,1.692e+16,24.88,3.072988708072083e+34,0.8640000000000001,-0.84375,40.8,5.147815070736321,24.200905261757107
-0.9,0.6000000000000001,-0.29999999999999993,-1.5,1.719e+16,24.83,3.287080570177514e+34,0.8480000000000001,-0.8443579766536965,40.5,5.40832691342711,23.74732052660484
-0.9,0.7000000000000002,-0.19999999999999984,-1.6,1.746e+16,24.78,3.5126480275740084e+34,0.8320000000000001,-0.8449612403100776,40.2,5.700877125714955,23.519692080424605
-0.9,0.8,-0.09999999999999998,-1.7000000000000002,1.773e+16,24.73,3.7501357708519066e+34,0.8160000000000001,-0.8455598455598455,39.9,6.020797289603761,23.55432299908646
-0.9,0.9000000000000001,1.1102230246251565e-16,-1.8000000000000003,1.8e+16,24.68,4e+34,0.8,-0.8461538461538461,39.6,6.3639610308753465,23.885699538536194
-0.9,1.0,0.09999999999999998,-1.9,1.827e+16,24.63,4.262708621636494e+34,0.784,-0.8467432950191571,39.3,6.726812023722679,24.546433170165265
-0.8,-1.0,-1.8,0.19999999999999996,1.314e+16,25.58,1.0574033019638463e+34,1.088,-0.8347107438016529,45.6,6.403124237628065,41.641488756906206
-0.8,-0.9,-1.7000000000000002,0.09999999999999998,1.341e+16,25.53,1.1515260403137861e+34,1.072,-0.8353909465020576,45.3,6.020797289603761,39.39917381168327
-0.8,-0.8,-1.6,0.0,1.368e+16,25.48,1.25200430976876e+34,1.056,-0.8360655737704918,45.0,5.656854249713351,37.39020495254572
-0.8,-0.7,-1.5,-0.10000000000000009,1.395e+16,25.43,1.3591406184410678e+34,1.04,-0.8367346938775511,44.7,5.315072906602505,35.59534951064286
-0.8,-0.6,-1.4,-0.20000000000000007,1.422e+16,25.38,1.4732465464137797e+34,1.024,-0.8373983739837398,44.4,5.00000000025,33.99147318754945
-0.8,-0.5,-1.3,-0.30000000000000004,1.449e+16,25.33,1.5946429014189118e+34,1.008,-0.8380566801619433,44.1,4.716990566293301,32.551359393433486
-0.8,-0.3999999999999999,-1.2,-0.40000000000000013,1.476e+16,25.28,1.7236598771494949e+34,0.992,-0.8387096774193549,43.8,4.472135955279088,31.24414373832526
-0.8,-0.29999999999999993,-1.1,-0.5000000000000001,1.503e+16,25.23,1.860637214253011e+34,0.976,-0.8393574297188755,43.5,4.2720018729513685,30.036796453779004
-0.8,-0.19999999999999996,-1.0,-0.6000000000000001,1.53e+16,25.18,2.005924364054581e+34,0.96,-0.84,43.2,4.12310562592083,28.89704242109594
-0.8,-0.09999999999999998,-0.9,-0.7000000000000001,1.557e+16,25.13,2.1598806550592645e+34,0.944,-0.8406374501992032,42.9,4.031128874459362,27.79773934611333
-0.8,0.0,-0.8,-0.8,1.584e+16,25.08,2.3228754622837803e+34,0.9280000000000002,-0.8412698412698413,42.6,4.0000000003125,26.72197669669016
-0.8,0.10000000000000009,-0.7,-0.9000000000000001,1.611e+16,25.03,2.4952883794689455e+34,0.9119999999999999,-0.841897233201581,42.3,4.031128874459362,25.66734030568346
-0.8,0.20000000000000018,-0.5999999999999999,-1.0000000000000002,1.638e+16,24.98,2.677509394225158e+34,0.8959999999999999,-0.84251968503937,42.0,4.12310562592083,24.647629064072046
-0.8,0.30000000000000004,-0.5,-1.1,1.665e+16,24.93,2.869939066164242e+34,0.8800000000000001,-0.8431372549019608,41.7,4.272001872951369,23.69126240885455
-0.8,0.40000000000000013,-0.3999999999999999,-1.2000000000000002,1.692e+16,24.88,3.072988708072083e+34,0.8640000000000001,-0.84375,41.4,4.4721359552790885,22.837140396771886
-0.8,0.5,-0.30000000000000004,-1.3,1.719e+16,24.83,3.287080570177514e+34,0.8480000000000001,-0.8443579766536965,41.1,4.716990566293301,22.12967043584078
-0.8,0.6000000000000001,-0.19999999999999996,-1.4000000000000001,1.746e+16,24.78,3.5126480275740084e+34,0.8320000000000001,-0.8449612403100776,40.8,5.00000000025,21.61451627048187
-0.8,0.7000000000000002,-0.09999999999999987,-1.5000000000000002,1.773e+16,24.73,3.7501357708519066e+34,0.8160000000000001,-0.8455598455598455,40.5,5.315072906602505,21.335807105593368
-0.8,0.8,0.0,-1.6,1.8e+16,24.68,4e+34,0.8,-0.8461538461538461,40.2,5.656854249713351,21.334786834927165
-0.8,0.9000000000000001,0.10000000000000009,-1.7000000000000002,1.827e+16,24.63,4.262708621636494e+34,0.784,-0.8467432950191571,39.9,6.020797289603761,21.6495142078193
-0.8,1.0,0.19999999999999996,-1.8,1.854e+16,24.58,4.538741449630566e+34,0.768,-0.8473282442748091,39.6,6.403124237628065,22.31518167305191
-0.7,-1.0,-1.7,0.30000000000000004,1.341e+16,25.53,1.1515260403137861e+34,1.072,-0.8353909465020576,45.9,6.103277808071659,38.965530960109824
-0.7,-0.9,-1.6,0.20000000000000007,1.368e+16,25.48,1.25200430976876e+34,1.056,-0.8360655737704918,45.6,5.700877125714955,36.82807913453691
-0.7,-0.8,-1.5,0.10000000000000009,1.395e+16,25.43,1.3591406184410678e+34,1.04,-0.8367346938775511,45.3,5.315072906602505,34.935349510642865
-0.7,-0.7,-1.4,0.0,1.422e+16,25.38,1.4732465464137797e+34,1.024,-0.8373983739837398,45.0,4.94974746855837,33.26786211185341
-0.7,-0.6,-1.2999999999999998,-0.09999999999999998,1.449e+16,25.33,1.5946429014189118e+34,1.008,-0.8380566801619433,44.7,4.609772228917606,31.80106024899981
-0.7,-0.5,-1.2,-0.19999999999999996,1.476e+16,25.28,1.7236598771494949e+34,0.992,-0.8387096774193549,44.4,4.301162633811932,30.504497006394608
-0.7,-0.3999999999999999,-1.0999999999999999,-0.30000000000000004,1.503e+16,25.23,1.860637214253011e+34,0.976,-0.8393574297188755,44.1,4.031128874459362,29.341597945485038
-0.7,-0.29999999999999993,-0.9999999999999999,-0.4,1.53e+16,25.18,2.005924364054581e+34,0.96,-0.84,43.8,3.8078865532602193,28.270747320729303
-0.7,-0.19999999999999996,-0.8999999999999999,-0.5,1.557e+16,25.13,2.1598806550592645e+34,0.944,-0.8406374501992032,43.5,3.6400549449836603,27.248645958229687
-0.7,-0.09999999999999998,-0.7999999999999999,-0.6,1.584e+16,25.08,2.3228754622837803e+34,0.9279999999999999,-0.8412698412698413,43.2,3.5355339062862905,26.23654021383429
-0.7,0.0,-0.7,-0.7,1.611e+16,25.03,2.4952883794689455e+34,0.9119999999999999,-0.841897233201581,42.9,3.500000000357142,25.20854911324566
-0.7,0.10000000000000009,-0.5999999999999999,-0.8,1.638e+16,24.98,2.677509394225158e+34,0.8959999999999999,-0.84251968503937,42.6,3.5355339062862905,24.159273522062005
-0.7,0.20000000000000018,-0.4999999999999998,-0.9000000000000001,1.665e+16,24.93,2.869939066164242e+34,0.8799999999999999,-0.8431372549019608,42.3,3.6400549449836603,23.106970512676945
-0.7,0.30000000000000004,-0.3999999999999999,-1.0,1.692e+16,24.88,3.072988708072083e+34,0.8640000000000001,-0.84375,42.0,3.8078865532602197,22.090512107875654
-0.7,0.40000000000000013,-0.2999999999999998,-1.1,1.719e+16,24.83,3.287080570177514e+34,0.8480000000000001,-0.8443579766536965,41.7,4.031128874459362,21.16190974092744
-0.7,0.5,-0.19999999999999996,-1.2,1.746e+16,24.78,3.5126480275740084e+34,0.8320000000000001,-0.8449612403100776,41.4,4.301162633811932,20.378121785891235
-0.7,0.6000000000000001,-0.09999999999999987,-1.3,1.773e+16,24.73,3.7501357708519066e+34,0.8160000000000001,-0.8455598455598455,41.1,4.609772228917606,19.7949608328603
-0.7,0.7000000000000002,2.220446049250313e-16,-1.4000000000000001,1.8e+16,24.68,4e+34,0.8,-0.8461538461538461,40.8,4.949747468558371,19.463874131279574
-0.7,0.8,0.10000000000000009,-1.5,1.827e+16,24.63,4.262708621636494e+34,0.784,-0.8467432950191571,40.5,5.315072906602505,19.430998314326207
-0.7,0.9000000000000001,0.20000000000000018,-1.6,1.854e+16,24.58,4.538741449630566e+34,0.768,-0.8473282442748091,40.2,5.700877125714955,19.73754078857402
-0.7,1.0,0.30000000000000004,-1.7,1.881e+16,24.53,4.828590409176937e+34,0.752,-0.8479087452471483,39.9,6.103277808071659,20.420741035127353
-0.6,-1.0,-1.6,0.4,1.368e+16,25.48,1.25200430976876e+34,1.056,-0.8360655737704918,46.2,5.830951895059674,36.47266790314095
-0.6,-0.9,-1.5,0.30000000000000004,1.395e+16,25.43,1.3591406184410678e+34,1.04,-0.8367346938775511,45.9,5.408326913427108,34.442452473107544
-0.6,-0.8,-1.4,0.20000000000000007,1.422e+16,25.38,1.4732465464137797e+34,1.024,-0.8373983739837398,45.6,5.00000000025,32.67147318754945
-0.6,-0.7,-1.2999999999999998,0.09999999999999998,1.449e+16,25.33,1.5946429014189118e+34,1.008,-0.8380566801619433,45.3,4.609772228917606,31.141060248999818
-0.6,-0.6,-1.2,0.0,1.476e+16,25.28,1.7236598771494949e+34,0.992,-0.8387096774193549,45.0,4.242640687413913,29.826367711583718
-0.6,-0.5,-1.1,-0.09999999999999998,1.503e+16,25.23,1.860637214253011e+34,0.976,-0.8393574297188755,44.7,3.9051248382734194,28.694620144507716
-0.6,-0.3999999999999999,-0.9999999999999999,-0.20000000000000007,1.53e+16,25.18,2.005924364054581e+34,0.96,-0.84,44.4,3.6055512758106767,27.703591346701785
-0.6,-0.29999999999999993,-0.8999999999999999,-0.30000000000000004,1.557e+16,25.13,2.1598806550592645e+34,0.944,-0.8406374501992032,44.1,3.3541019666223626,26.80138733921682
-0.6,-0.19999999999999996,-0.7999999999999999,-0.4,1.584e+16,25.08,2.3228754622837803e+34,0.9279999999999999,-0.8412698412698413,43.8,3.1622776605636638,25.929449565308744
-0.6,-0.09999999999999998,-0.7,-0.5,1.611e+16,25.03,2.4952883794689455e+34,0.9119999999999999,-0.841897233201581,43.5,3.041381265560107,25.03095215462935
-0.6,0.0,-0.6,-0.6,1.638e+16,24.98,2.677509394225158e+34,0.8960000000000001,-0.84251968503937,43.2,3.0000000004166663,24.064710004344956
-0.6,0.10000000000000009,-0.4999999999999999,-0.7000000000000001,1.665e+16,24.93,2.869939066164242e+34,0.8800000000000001,-0.8431372549019608,42.9,3.041381265560107,23.019675749506497
-0.6,0.20000000000000018,-0.3999999999999998,-0.8000000000000002,1.692e+16,24.88,3.072988708072083e+34,0.8640000000000001,-0.84375,42.6,3.162277660563664,21.92136101770671
-0.6,0.30000000000000004,-0.29999999999999993,-0.9,1.719e+16,24.83,3.287080570177514e+34,0.8480000000000001,-0.8443579766536965,42.3,3.3541019666223626,20.82555773403095
-0.6,0.40000000000000013,-0.19999999999999984,-1.0,1.746e+16,24.78,3.5126480275740084e+34,0.8320000000000001,-0.8449612403100776,42.0,3.605551275810677,19.803984254898136
-0.6,0.5,-0.09999999999999998,-1.1,1.773e+16,24.73,3.7501357708519066e+34,0.8160000000000001,-0.8455598455598455,41.7,3.9051248382734194,18.93052148140333
-0.6,0.6000000000000001,1.1102230246251565e-16,-1.2000000000000002,1.8e+16,24.68,4e+34,0.8,-0.8461538461538461,41.4,4.242640687413913,18.27296142757409
-0.6,0.7000000000000002,0.1000000000000002,-1.3000000000000003,1.827e+16,24.63,4.262708621636494e+34,0.784,-0.8467432950191571,41.1,4.609772228917607,17.890152041593144
-0.6,0.8,0.20000000000000007,-1.4,1.854e+16,24.58,4.538741449630566e+34,0.768,-0.8473282442748091,40.8,5.00000000025,17.83236497863129
-0.6,0.9000000000000001,0.30000000000000016,-1.5,1.881e+16,24.53,4.828590409176937e+34,0.752,-0.8479087452471483,40.5,5.40832691342711,18.14297095567237
-0.6,1.0,0.4,-1.6,1.908e+16,24.48,5.132759744387202e+34,0.736,-0.8484848484848485,40.2,5.830951895059674,18.86035102835741
-0.5,-1.0,-1.5,0.5,1.395e+16,25.43,1.3591406184410678e+34,1.04,-0.8367346938775511,46.5,5.590169943973081,34.142315805104694
-0.5,-0.9,-1.4,0.4,1.422e+16,25.38,1.4732465464137797e+34,1.024,-0.8373983739837398,46.2,5.147815070736321,32.21849029987468
-0.5,-0.8,-1.3,0.30000000000000004,1.449e+16,25.33,1.5946429014189118e+34,1.008,-0.8380566801619433,45.9,4.716990566293301,30.571359393433493
-0.5,-0.7,-1.2,0.19999999999999996,1.476e+16,25.28,1.7236598771494949e+34,0.992,-0.8387096774193549,45.6,4.301162633811932,29.184497006394604
-0.5,-0.6,-1.1,0.09999999999999998,1.503e+16,25.23,1.860637214253011e+34,0.976,-0.8393574297188755,45.3,3.9051248382734194,28.034620144507723
-0.5,-0.5,-1.0,0.0,1.53e+16,25.18,2.005924364054581e+34,0.96,-0.84,45.0,3.5355339062862914,27.088686879085905
-0.5,-0.3999999999999999,-0.8999999999999999,-0.10000000000000009,1.557e+16,25.13,2.1598806550592645e+34,0.944,-0.8406374501992032,44.7,3.2015621191068586,26.300356500552088
-0.5,-0.29999999999999993,-0.7999999999999999,-0.20000000000000007,1.584e+16,25.08,2.3228754622837803e+34,0.9279999999999999,-0.8412698412698413,44.4,2.9154759478513963,25.60685898522621
-0.5,-0.19999999999999996,-0.7,-0.30000000000000004,1.611e+16,25.03,2.4952883794689455e+34,0.9119999999999999,-0.841897233201581,44.1,2.6925824040314907,24.92934589303674
-0.5,-0.09999999999999998,-0.6,-0.4,1.638e+16,24.98,2.677509394225158e+34,0.8960000000000001,-0.84251968503937,43.8,2.5495097572866827,24.182406341559876
-0.5,0.0,-0.5,-0.5,1.665e+16,24.93,2.869939066164242e+34,0.8800000000000001,-0.8431372549019608,43.5,2.5000000005,23.297272707337086
-0.5,0.10000000000000009,-0.3999999999999999,-0.6000000000000001,1.692e+16,24.88,3.072988708072083e+34,0.8640000000000001,-0.84375,43.2,2.5495097572866827,22.251584485730106
-0.5,0.20000000000000018,-0.2999999999999998,-0.7000000000000002,1.719e+16,24.83,3.287080570177514e+34,0.8480000000000001,-0.8443579766536965,42.9,2.692582404031491,21.083915328280742
-0.5,0.30000000000000004,-0.19999999999999996,-0.8,1.746e+16,24.78,3.5126480275740084e+34,0.8320000000000001,-0.8449612403100776,42.6,2.9154759478513967,19.879398558674175
-0.5,0.40000000000000013,-0.09999999999999987,-0.9000000000000001,1.773e+16,24.73,3.7501357708519066e+34,0.8160000000000001,-0.8455598455598455,42.3,3.2015621191068595,18.740116436819424
-0.5,0.5,0.0,-1.0,1.8e+16,24.68,4e+34,0.8,-0.8461538461538461,42.0,3.5355339062862914,17.762048723776
-0.5,0.6000000000000001,0.10000000000000009,-1.1,1.827e+16,24.63,4.262708621636494e+34,0.784,-0.8467432950191571,41.7,3.90512483827342,17.025712690136167
-0.5,0.7000000000000002,0.20000000000000018,-1.2000000000000002,1.854e+16,24.58,4.538741449630566e+34,0.768,-0.8473282442748091,41.4,4.301162633811933,16.595970494040653
-0.5,0.8,0.30000000000000004,-1.3,1.881e+16,24.53,4.828590409176937e+34,0.752,-0.8479087452471483,41.1,4.716990566293301,16.525320864908313
-0.5,0.9000000000000001,0.40000000000000013,-1.4000000000000001,1.908e+16,24.48,5.132759744387202e+34,0.736,-0.8484848484848485,40.8,5.147815070736322,16.85760356213586
-0.5,1.0,0.5,-1.5,1.935e+16,24.43,5.451766229462778e+34,0.7200000000000001,-0.8490566037735849,40.5,5.590169943973081,17.631070062149412
-0.3999999999999999,-1.0,-1.4,0.6000000000000001,1.422e+16,25.38,1.4732465464137797e+34,1.024,-0.8373983739837398,46.8,5.385164807366622,31.953066748408023
-0.3999999999999999,-0.9,-1.2999999999999998,0.5000000000000001,1.449e+16,25.33,1.5946429014189118e+34,1.008,-0.8380566801619433,46.5,4.924428901151889,30.13044855171126
-0.3999999999999999,-0.8,-1.2,0.40000000000000013,1.476e+16,25.28,1.7236598771494949e+34,0.992,-0.8387096774193549,46.2,4.472135955279088,28.604143738325252
-0.3999999999999999,-0.7,-1.0999999999999999,0.30000000000000004,1.503e+16,25.23,1.860637214253011e+34,0.976,-0.8393574297188755,45.9,4.031128874459362,27.361597945485038
-0.3999999999999999,-0.6,-0.9999999999999999,0.20000000000000007,1.53e+16,25.18,2.005924364054581e+34,0.96,-0.84,45.6,3.6055512758106767,26.38359134670178
-0.3999999999999999,-0.5,-0.8999999999999999,0.10000000000000009,1.557e+16,25.13,2.1598806550592645e+34,0.944,-0.8406374501992032,45.3,3.2015621191068586,25.640356500552095
-0.3999999999999999,-0.3999999999999999,-0.7999999999999998,0.0,1.584e+16,25.08,2.3228754622837803e+34,0.9279999999999999,-0.8412698412698413,45.0,2.828427125188131,25.08562750987417
-0.3999999999999999,-0.29999999999999993,-0.6999999999999998,-0.09999999999999998,1.611e+16,25.03,2.4952883794689455e+34,0.9119999999999999,-0.841897233201581,44.7,2.500000000499999,24.648549112459936
-0.3999999999999999,-0.19999999999999996,-0.5999999999999999,-0.19999999999999996,1.638e+16,24.98,2.677509394225158e+34,0.8959999999999999,-0.84251968503937,44.4,2.2360679780588057,24.22633612731317
-0.3999999999999999,-0.09999999999999998,-0.4999999999999999,-0.29999999999999993,1.665e+16,24.93,2.869939066164242e+34,0.8800000000000001,-0.8431372549019608,44.1,2.0615528134151693,23.68873223630365
-0.3999999999999999,0.0,-0.3999999999999999,-0.3999999999999999,1.692e+16,24.88,3.072988708072083e+34,0.8640000000000001,-0.84375,43.8,2.0000000006249996,22.91388814736937
-0.3999999999999999,0.10000000000000009,-0.2999999999999998,-0.5,1.719e+16,24.83,3.287080570177514e+34,0.8480000000000001,-0.8443579766536965,43.5,2.0615528134151693,21.854578076670506
-0.3999999999999999,0.20000000000000018,-0.19999999999999973,-0.6000000000000001,1.746e+16,24.78,3.5126480275740084e+34,0.8320000000000001,-0.8449612403100776,43.2,2.2360679780588066,20.576142392533416
-0.3999999999999999,0.30000000000000004,-0.09999999999999987,-0.7,1.773e+16,24.73,3.7501357708519066e+34,0.8160000000000001,-0.8455598455598455,42.9,2.500000000499999,19.218708089157147
-0.3999999999999999,0.40000000000000013,2.220446049250313e-16,-0.8,1.8e+16,24.68,4e+34,0.8,-0.8461538461538461,42.6,2.828427125188132,17.931136019815874
-0.3999999999999999,0.5,0.10000000000000009,-0.8999999999999999,1.827e+16,24.63,4.262708621636494e+34,0.784,-0.8467432950191571,42.3,3.2015621191068586,16.835307645552266
-0.3999999999999999,0.6000000000000001,0.20000000000000018,-1.0,1.854e+16,24.58,4.538741449630566e+34,0.768,-0.8473282442748091,42.0,3.605551275810677,16.021832963047554
-0.3999999999999999,0.7000000000000002,0.30000000000000027,-1.1,1.881e+16,24.53,4.828590409176937e+34,0.752,-0.8479087452471483,41.7,4.031128874459362,15.557560169994975
-0.3999999999999999,0.8,0.40000000000000013,-1.2,1.908e+16,24.48,5.132759744387202e+34,0.736,-0.8484848484848485,41.4,4.472135955279088,15.493838697150641
-0.3999999999999999,0.9000000000000001,0.5000000000000002,-1.3,1.935e+16,24.43,5.451766229462778e+34,0.72,-0.8490566037735849,41.1,4.92442890115189,15.87264579766596
-0.3999999999999999,1.0,0.6000000000000001,-1.4,1.962e+16,24.38,5.786139383515881e+34,0.7040000000000001,-0.849624060150376,40.8,5.385164807366622,16.730648694109096
-0.29999999999999993,-1.0,-1.2999999999999998,0.7000000000000001,1.449e+16,25.33,1.5946429014189118e+34,1.008,-0.8380566801619433,47.1,5.220153254694732,29.883964607225625
-0.29999999999999993,-0.9,-1.2,0.6000000000000001,1.476e+16,25.28,1.7236598771494949e+34,0.992,-0.8387096774193549,46.8,4.7434164905160925,28.15210079452173
-0.29999999999999993,-0.8,-1.1,0.5000000000000001,1.503e+16,25.23,1.860637214253011e+34,0.976,-0.8393574297188755,46.5,4.2720018729513685,26.736796453779
-0.29999999999999993,-0.7,-0.9999999999999999,0.4,1.53e+16,25.18,2.005924364054581e+34,0.96,-0.84,46.2,3.8078865532602193,25.630747320729295
-0.29999999999999993,-0.6,-0.8999999999999999,0.30000000000000004,1.557e+16,25.13,2.1598806550592645e+34,0.944,-0.8406374501992032,45.9,3.3541019666223626,24.82138733921682
-0.29999999999999993,-0.5,-0.7999999999999999,0.20000000000000007,1.584e+16,25.08,2.3228754622837803e+34,0.9279999999999999,-0.8412698412698413,45.6,2.9154759478513963,24.286858985226207
-0.29999999999999993,-0.3999999999999999,-0.6999999999999998,0.09999999999999998,1.611e+16,25.03,2.4952883794689455e+34,0.9119999999999999,-0.841897233201581,45.3,2.500000000499999,23.988549112459943
-0.29999999999999993,-0.29999999999999993,-0.5999999999999999,0.0,1.638e+16,24.98,2.677509394225158e+34,0.8959999999999999,-0.84251968503937,45.0,2.1213203441488977,23.857448113817668
-0.29999999999999993,-0.19999999999999996,-0.4999999999999999,-0.09999999999999998,1.665e+16,24.93,2.869939066164242e+34,0.8800000000000001,-0.8431372549019608,44.7,1.8027756384253695,23.772006698747546
-0.29999999999999993,-0.09999999999999998,-0.3999999999999999,-0.19999999999999996,1.692e+16,24.88,3.072988708072083e+34,0.8640000000000001,-0.84375,44.4,1.5811388308747587,23.537624580995693
-0.29999999999999993,0.0,-0.29999999999999993,-0.29999999999999993,1.719e+16,24.83,3.287080570177514e+34,0.8480000000000001,-0.8443579766536965,44.1,1.5000000008333327,22.923118545870604
-0.29999999999999993,0.10000000000000009,-0.19999999999999984,-0.4,1.746e+16,24.78,3.5126480275740084e+34,0.8320000000000001,-0.8449612403100776,43.8,1.581138830874759,21.818252702045687
-0.29999999999999993,0.20000000000000018,-0.09999999999999976,-0.5000000000000001,1.773e+16,24.73,3.7501357708519066e+34,0.8160000000000001,-0.8455598455598455,43.5,1.8027756384253701,20.353442080567604
-0.29999999999999993,0.30000000000000004,1.1102230246251565e-16,-0.6,1.8e+16,24.68,4e+34,0.8,-0.8461538461538461,43.2,2.121320344148898,18.780223315531654
-0.29999999999999993,0.40000000000000013,0.1000000000000002,-0.7000000000000001,1.827e+16,24.63,4.262708621636494e+34,0.784,-0.8467432950191571,42.9,2.5000000005,17.313899297889982
-0.29999999999999993,0.5,0.20000000000000007,-0.7999999999999999,1.854e+16,24.58,4.538741449630566e+34,0.768,-0.8473282442748091,42.6,2.9154759478513963,16.097247266823594
-0.29999999999999993,0.6000000000000001,0.30000000000000016,-0.9,1.881e+16,24.53,4.828590409176937e+34,0.752,-0.8479087452471483,42.3,3.3541019666223626,15.221208163098485
-0.29999999999999993,0.7000000000000002,0.40000000000000024,-1.0,1.908e+16,24.48,5.132759744387202e+34,0.736,-0.8484848484848485,42.0,3.8078865532602206,14.747210408254409
-0.29999999999999993,0.8,0.5000000000000001,-1.1,1.935e+16,24.43,5.451766229462778e+34,0.72,-0.8490566037735849,41.7,4.2720018729513685,14.720994452768819
-0.29999999999999993,0.9000000000000001,0.6000000000000002,-1.2000000000000002,1.962e+16,24.38,5.786139383515881e+34,0.704,-0.849624060150376,41.4,4.7434164905160925,15.180264436787006
-0.29999999999999993,1.0,0.7000000000000001,-1.2999999999999998,1.989e+16,24.33,6.136421689105995e+34,0.6880000000000001,-0.850187265917603,41.1,5.220153254694732,16.158909819716285
-0.19999999999999996,-1.0,-1.2,0.8,1.476e+16,25.28,1.7236598771494949e+34,0.992,-0.8387096774193549,47.4,5.09901951383793,27.916284166251618
-0.19999999999999996,-0.9,-1.1,0.7000000000000001,1.503e+16,25.23,1.860637214253011e+34,0.976,-0.8393574297188755,47.1,4.609772228917606,26.25905949596469
-0.19999999999999996,-0.8,-1.0,0.6000000000000001,1.53e+16,25.18,2.005924364054581e+34,0.96,-0.84,46.8,4.12310562592083,24.937042421095942
-0.19999999999999996,-0.7,-0.8999999999999999,0.5,1.557e+16,25.13,2.1598806550592645e+34,0.944,-0.8406374501992032,46.5,3.6400549449836603,23.948645958229683
-0.19999999999999996,-0.6,-0.7999999999999999,0.4,1.584e+16,25.08,2.3228754622837803e+34,0.9279999999999999,-0.8412698412698413,46.2,3.1622776605636638,23.289449565308736
-0.19999999999999996,-0.5,-0.7,0.30000000000000004,1.611e+16,25.03,2.4952883794689455e+34,0.9119999999999999,-0.841897233201581,45.9,2.6925824040314907,22.94934589303674
-0.19999999999999996,-0.3999999999999999,-0.5999999999999999,0.19999999999999996,1.638e+16,24.98,2.677509394225158e+34,0.8959999999999999,-0.84251968503937,45.6,2.2360679780588057,22.906336127313168
-0.19999999999999996,-0.29999999999999993,-0.4999999999999999,0.09999999999999998,1.665e+16,24.93,2.869939066164242e+34,0.8800000000000001,-0.8431372549019608,45.3,1.8027756384253695,23.112006698747553
-0.19999999999999996,-0.19999999999999996,-0.3999999999999999,0.0,1.692e+16,24.88,3.072988708072083e+34,0.8640000000000001,-0.84375,45.0,1.414213563256978,23.45571355289348
-0.19999999999999996,-0.09999999999999998,-0.29999999999999993,-0.09999999999999998,1.719e+16,24.83,3.287080570177514e+34,0.8480000000000001,-0.8443579766536965,44.7,1.1180339898679286,23.683931606180323
-0.19999999999999996,0.0,-0.19999999999999996,-0.19999999999999996,1.746e+16,24.78,3.5126480275740084e+34,0.8320000000000001,-0.8449612403100776,44.4,1.0000000012499997,23.334516264981865
-0.19999999999999996,0.10000000000000009,-0.09999999999999987,-0.30000000000000004,1.773e+16,24.73,3.7501357708519066e+34,0.8160000000000001,-0.8455598455598455,44.1,1.1180339898679288,22.099521147633528
-0.19999999999999996,0.20000000000000018,2.220446049250313e-16,-0.40000000000000013,1.8e+16,24.68,4e+34,0.8,-0.8461538461538461,43.8,1.4142135632569786,20.309310610437223
-0.19999999999999996,0.30000000000000004,0.10000000000000009,-0.5,1.827e+16,24.63,4.262708621636494e+34,0.784,-0.8467432950191571,43.5,1.80277563842537,18.448633289300446
-0.19999999999999996,0.40000000000000013,0.20000000000000018,-0.6000000000000001,1.854e+16,24.58,4.538741449630566e+34,0.768,-0.8473282442748091,43.2,2.236067978058807,16.79399110068283
-0.19999999999999996,0.5,0.30000000000000004,-0.7,1.881e+16,24.53,4.828590409176937e+34,0.752,-0.8479087452471483,42.9,2.6925824040314907,15.479565757348276
-0.19999999999999996,0.6000000000000001,0.40000000000000013,-0.8,1.908e+16,24.48,5.132759744387202e+34,0.736,-0.8484848484848485,42.6,3.162277660563664,14.578059318085465
-0.19999999999999996,0.7000000000000002,0.5000000000000002,-0.9000000000000001,1.935e+16,24.43,5.451766229462778e+34,0.72,-0.8490566037735849,42.3,3.6400549449836617,14.136702556591224
-0.19999999999999996,0.8,0.6000000000000001,-1.0,1.962e+16,24.38,5.786139383515881e+34,0.7040000000000001,-0.849624060150376,42.0,4.12310562592083,14.191974192060947
-0.19999999999999996,0.9000000000000001,0.7000000000000002,-1.1,1.989e+16,24.33,6.136421689105995e+34,0.6880000000000001,-0.850187265917603,41.7,4.609772228917607,14.77600546149047
-0.19999999999999996,1.0,0.8,-1.2,2.016e+16,24.28,6.503168814560932e+34,0.672,-0.8507462686567164,41.4,5.09901951383793,15.919637938656015
-0.09999999999999998,-1.0,-1.1,0.9,1.503e+16,25.23,1.860637214253011e+34,0.976,-0.8393574297188755,47.7,5.024937810809204,26.0356487955609
-0.09999999999999998,-0.9,-1.0,0.8,1.53e+16,25.18,2.005924364054581e+34,0.96,-0.84,47.4,4.527692569344787,24.431814232264173
-0.09999999999999998,-0.8,-0.9,0.7000000000000001,1.557e+16,25.13,2.1598806550592645e+34,0.944,-0.8406374501992032,47.1,4.031128874459362,23.177739346113324
-0.09999999999999998,-0.7,-0.7999999999999999,0.6,1.584e+16,25.08,2.3228754622837803e+34,0.9279999999999999,-0.8412698412698413,46.8,3.5355339062862905,22.27654021383429
-0.09999999999999998,-0.6,-0.7,0.5,1.611e+16,25.03,2.4952883794689455e+34,0.9119999999999999,-0.841897233201581,46.5,3.041381265560107,21.730952154629346
-0.09999999999999998,-0.5,-0.6,0.4,1.638e+16,24.98,2.677509394225158e+34,0.8960000000000001,-0.84251968503937,46.2,2.5495097572866827,21.542406341559868
-0.09999999999999998,-0.3999999999999999,-0.4999999999999999,0.29999999999999993,1.665e+16,24.93,2.869939066164242e+34,0.8800000000000001,-0.8431372549019608,45.9,2.0615528134151693,21.708732236303653
-0.09999999999999998,-0.29999999999999993,-0.3999999999999999,0.19999999999999996,1.692e+16,24.88,3.072988708072083e+34,0.8640000000000001,-0.84375,45.6,1.5811388308747587,22.217624580995686
-0.09999999999999998,-0.19999999999999996,-0.29999999999999993,0.09999999999999998,1.719e+16,24.83,3.287080570177514e+34,0.8480000000000001,-0.8443579766536965,45.3,1.1180339898679286,23.02393160618033
-0.09999999999999998,-0.09999999999999998,-0.19999999999999996,0.0,1.746e+16,24.78,3.5126480275740084e+34,0.8320000000000001,-0.8449612403100776,45.0,0.7071067829543142,23.945428965608127
-0.09999999999999998,0.0,-0.09999999999999998,-0.09999999999999998,1.773e+16,24.73,3.7501357708519066e+34,0.8160000000000001,-0.8455598455598455,44.7,0.5000000024999999,24.158708078157133
-0.09999999999999998,0.10000000000000009,1.1102230246251565e-16,-0.20000000000000007,1.8e+16,24.68,4e+34,0.8,-0.8461538461538461,44.4,0.7071067829543146,22.518397902101874
-0.09999999999999998,0.20000000000000018,0.1000000000000002,-0.30000000000000016,1.827e+16,24.63,4.262708621636494e+34,0.784,-0.8467432950191571,44.1,1.1180339898679295,20.194712356366367
-0.09999999999999998,0.30000000000000004,0.20000000000000007,-0.4,1.854e+16,24.58,4.538741449630566e+34,0.768,-0.8473282442748091,43.8,1.5811388308747591,18.036101410195105
-0.09999999999999998,0.40000000000000013,0.30000000000000016,-0.5000000000000001,1.881e+16,24.53,4.828590409176937e+34,0.752,-0.8479087452471483,43.5,2.06155281341517,16.250228505738036
-0.09999999999999998,0.5,0.4,-0.6,1.908e+16,24.48,5.132759744387202e+34,0.736,-0.8484848484848485,43.2,2.5495097572866827,14.90828278610886
-0.09999999999999998,0.6000000000000001,0.5000000000000001,-0.7000000000000001,1.935e+16,24.43,5.451766229462778e+34,0.72,-0.8490566037735849,42.9,3.0413812655601076,14.049407793420764
-0.09999999999999998,0.7000000000000002,0.6000000000000002,-0.8000000000000002,1.962e+16,24.38,5.786139383515881e+34,0.704,-0.849624060150376,42.6,3.535533906286292,13.703618650050903
-0.09999999999999998,0.8,0.7000000000000001,-0.9,1.989e+16,24.33,6.136421689105995e+34,0.6880000000000001,-0.850187265917603,42.3,4.031128874459362,13.89854391101083
-0.09999999999999998,0.9000000000000001,0.8000000000000002,-1.0,2.016e+16,24.28,6.503168814560932e+34,0.672,-0.8507462686567164,42.0,4.527692569344787,14.661936133368295
-0.09999999999999998,1.0,0.9,-1.1,2.043e+16,24.23,6.886949840152718e+34,0.656,-0.8513011152416357,41.7,5.024937810809204,16.02281314164159
0.0,-1.0,-1.0,1.0,1.53e+16,25.18,2.005924364054581e+34,0.96,-0.84,48.0,5.00000000025,24.234123362285505
0.0,-0.9,-0.9,0.9,1.557e+16,25.13,2.1598806550592645e+34,0.944,-0.8406374501992032,47.7,4.500000000277778,22.658948154112032
0.0,-0.8,-0.8,0.8,1.584e+16,25.08,2.3228754622837803e+34,0.9280000000000002,-0.8412698412698413,47.4,4.0000000003125,21.441976696690155
0.0,-0.7,-0.7,0.7,1.611e+16,25.03,2.4952883794689455e+34,0.9119999999999999,-0.841897233201581,47.1,3.500000000357142,20.58854911324565
0.0,-0.6,-0.6,0.6,1.638e+16,24.98,2.677509394225158e+34,0.8960000000000001,-0.84251968503937,46.8,3.0000000004166663,20.10471000434496
0.0,-0.5,-0.5,0.5,1.665e+16,24.93,2.869939066164242e+34,0.8800000000000001,-0.8431372549019608,46.5,2.5000000005,19.997272707337082
0.0,-0.3999999999999999,-0.3999999999999999,0.3999999999999999,1.692e+16,24.88,3.072988708072083e+34,0.8640000000000001,-0.84375,46.2,2.0000000006249996,20.273888147369362
0.0,-0.29999999999999993,-0.29999999999999993,0.29999999999999993,1.719e+16,24.83,3.287080570177514e+34,0.8480000000000001,-0.8443579766536965,45.9,1.5000000008333327,20.943118545870604
0.0,-0.19999999999999996,-0.19999999999999996,0.19999999999999996,1.746e+16,24.78,3.5126480275740084e+34,0.8320000000000001,-0.8449612403100776,45.6,1.0000000012499997,22.014516264981857
0.0,-0.09999999999999998,-0.09999999999999998,0.09999999999999998,1.773e+16,24.73,3.7501357708519066e+34,0.8160000000000001,-0.8455598455598455,45.3,0.5000000024999999,23.498708078157136
0.0,0.0,0.0,0.0,1.8e+16,24.68,4e+34,0.8,-0.8461538461538461,45.0,5e-05,25.407210208350598
0.0,0.10000000000000009,0.10000000000000009,-0.10000000000000009,1.827e+16,24.63,4.262708621636494e+34,0.784,-0.8467432950191571,44.7,0.5000000025000004,22.25389928688997
0.0,0.20000000000000018,0.20000000000000018,-0.20000000000000018,1.854e+16,24.58,4.538741449630566e+34,0.768,-0.8473282442748091,44.4,1.0000000012500008,19.552364973131276
0.0,0.30000000000000004,0.30000000000000004,-0.30000000000000004,1.881e+16,24.53,4.828590409176937e+34,0.752,-0.8479087452471483,44.1,1.5000000008333334,17.31876897493813
0.0,0.40000000000000013,0.40000000000000013,-0.40000000000000013,1.908e+16,24.48,5.132759744387202e+34,0.736,-0.8484848484848485,43.8,2.0000000006250005,15.570586447748122
0.0,0.5,0.5,-0.5,1.935e+16,24.43,5.451766229462778e+34,0.7200000000000001,-0.8490566037735849,43.5,2.5000000005,14.327004751251353
0.0,0.6000000000000001,0.6000000000000001,-0.6000000000000001,1.962e+16,24.38,5.786139383515881e+34,0.7040000000000001,-0.849624060150376,43.2,3.0000000004166667,13.609055132333838
0.0,0.7000000000000002,0.7000000000000002,-0.7000000000000002,1.989e+16,24.33,6.136421689105995e+34,0.6880000000000001,-0.850187265917603,42.9,3.500000000357144,13.439752718573029
0.0,0.8,0.8,-0.8,2.016e+16,24.28,6.503168814560932e+34,0.672,-0.8507462686567164,42.6,4.0000000003125,13.84424526304587
0.0,0.9000000000000001,0.9000000000000001,-0.9000000000000001,2.043e+16,24.23,6.886949840152718e+34,0.656,-0.8513011152416357,42.3,4.500000000277779,14.849971099564446
0.0,1.0,1.0,-1.0,2.07e+16,24.18,7.288347488200228e+34,0.6400000000000001,-0.8518518518518519,42.0,5.00000000025,16.48682678799645
0.10000000000000009,-1.0,-0.8999999999999999,1.1,1.557e+16,25.13,2.1598806550592645e+34,0.944,-0.8406374501992032,48.3,5.024937810809204,22.511790196189185
0.10000000000000009,-0.9,-0.7999999999999999,1.0,1.584e+16,25.08,2.3228754622837803e+34,0.9279999999999999,-0.8412698412698413,48.0,4.527692569344787,20.93966756701256
0.10000000000000009,-0.8,-0.7,0.9000000000000001,1.611e+16,25.03,2.4952883794689455e+34,0.9119999999999999,-0.841897233201581,47.7,4.031128874459362,19.727340305683445
0.10000000000000009,-0.7,-0.5999999999999999,0.8,1.638e+16,24.98,2.677509394225158e+34,0.8959999999999999,-0.84251968503937,47.4,3.5355339062862905,18.879273522062
0.10000000000000009,-0.6,-0.4999999999999999,0.7000000000000001,1.665e+16,24.93,2.869939066164242e+34,0.8800000000000001,-0.8431372549019608,47.1,3.041381265560107,18.39967574950649
0.10000000000000009,-0.5,-0.3999999999999999,0.6000000000000001,1.692e+16,24.88,3.072988708072083e+34,0.8640000000000001,-0.84375,46.8,2.5495097572866827,18.291584485730105
0.10000000000000009,-0.3999999999999999,-0.2999999999999998,0.5,1.719e+16,24.83,3.287080570177514e+34,0.8480000000000001,-0.8443579766536965,46.5,2.0615528134151693,18.554578076670502
0.10000000000000009,-0.29999999999999993,-0.19999999999999984,0.4,1.746e+16,24.78,3.5126480275740084e+34,0.8320000000000001,-0.8449612403100776,46.2,1.581138830874759,19.178252702045675
0.10000000000000009,-0.19999999999999996,-0.09999999999999987,0.30000000000000004,1.773e+16,24.73,3.7501357708519066e+34,0.8160000000000001,-0.8455598455598455,45.9,1.1180339898679288,20.119521147633527
0.10000000000000009,-0.09999999999999998,1.1102230246251565e-16,0.20000000000000007,1.8e+16,24.68,4e+34,0.8,-0.8461538461538461,45.6,0.7071067829543146,21.198397902101867
0.10000000000000009,0.0,0.10000000000000009,0.10000000000000009,1.827e+16,24.63,4.262708621636494e+34,0.784,-0.8467432950191571,45.3,0.5000000025000004,21.593899286889975
0.10000000000000009,0.10000000000000009,0.20000000000000018,0.0,1.854e+16,24.58,4.538741449630566e+34,0.768,-0.8473282442748091,45.0,0.7071067829543152,20.16327767375754
0.10000000000000009,0.20000000000000018,0.30000000000000027,-0.10000000000000009,1.881e+16,24.53,4.828590409176937e+34,0.752,-0.8479087452471483,44.7,1.1180339898679297,18.079582035247853
0.10000000000000009,0.30000000000000004,0.40000000000000013,-0.19999999999999996,1.908e+16,24.48,5.132759744387202e+34,0.736,-0.8484848484848485,44.4,1.5811388308747596,16.19432288137444
0.10000000000000009,0.40000000000000013,0.5000000000000002,-0.30000000000000004,1.935e+16,24.43,5.451766229462778e+34,0.72,-0.8490566037735849,44.1,2.06155281341517,14.718464280217912
0.10000000000000009,0.5,0.6000000000000001,-0.3999999999999999,1.962e+16,24.38,5.786139383515881e+34,0.7040000000000001,-0.849624060150376,43.8,2.5495097572866827,13.72675146954876
0.10000000000000009,0.6000000000000001,0.7000000000000002,-0.5,1.989e+16,24.33,6.136421689105995e+34,0.6880000000000001,-0.850187265917603,43.5,3.0413812655601076,13.262155759956721
0.10000000000000009,0.7000000000000002,0.8000000000000003,-0.6000000000000001,2.016e+16,24.28,6.503168814560932e+34,0.672,-0.8507462686567164,43.2,3.535533906286292,13.358808780190014
0.10000000000000009,0.8,0.9000000000000001,-0.7,2.043e+16,24.23,6.886949840152718e+34,0.656,-0.8513011152416357,42.9,4.031128874459362,14.048762291565732
0.10000000000000009,0.9000000000000001,1.0000000000000002,-0.8,2.07e+16,24.18,7.288347488200228e+34,0.64,-0.8518518518518519,42.6,4.527692569344787,15.364517657975108
0.10000000000000009,1.0,1.1,-0.8999999999999999,2.097e+16,24.13,7.707958357171681e+34,0.6240000000000001,-0.8523985239852399,42.3,5.024937810809204,17.340186992637072
0.20000000000000018,-1.0,-0.7999999999999998,1.2000000000000002,1.584e+16,25.08,2.3228754622837803e+34,0.9279999999999999,-0.8412698412698413,48.6,5.09901951383793,20.877369372300272
0.20000000000000018,-0.9,-0.6999999999999998,1.1,1.611e+16,25.03,2.4952883794689455e+34,0.9119999999999999,-0.841897233201581,48.3,4.609772228917606,19.284801856163096
0.20000000000000018,-0.8,-0.5999999999999999,1.0000000000000002,1.638e+16,24.98,2.677509394225158e+34,0.8959999999999999,-0.84251968503937,48.0,4.12310562592083,18.047629064072037
0.20000000000000018,-0.7,-0.4999999999999998,0.9000000000000001,1.665e+16,24.93,2.869939066164242e+34,0.8799999999999999,-0.8431372549019608,47.7,3.6400549449836603,17.166970512676933
0.20000000000000018,-0.6,-0.3999999999999998,0.8000000000000002,1.692e+16,24.88,3.072988708072083e+34,0.8640000000000001,-0.84375,47.4,3.162277660563664,16.641361017706707
0.20000000000000018,-0.5,-0.2999999999999998,0.7000000000000002,1.719e+16,24.83,3.287080570177514e+34,0.8480000000000001,-0.8443579766536965,47.1,2.692582404031491,16.463915328280734
0.20000000000000018,-0.3999999999999999,-0.19999999999999973,0.6000000000000001,1.746e+16,24.78,3.5126480275740084e+34,0.8320000000000001,-0.8449612403100776,46.8,2.2360679780588066,16.616142392533416
0.20000000000000018,-0.29999999999999993,-0.09999999999999976,0.5000000000000001,1.773e+16,24.73,3.7501357708519066e+34,0.8160000000000001,-0.8455598455598455,46.5,1.8027756384253701,17.0534420805676
0.20000000000000018,-0.19999999999999996,2.220446049250313e-16,0.40000000000000013,1.8e+16,24.68,4e+34,0.8,-0.8461538461538461,46.2,1.4142135632569786,17.66931061043721
0.20000000000000018,-0.09999999999999998,0.1000000000000002,0.30000000000000016,1.827e+16,24.63,4.262708621636494e+34,0.784,-0.8467432950191571,45.9,1.1180339898679295,18.214712356366366
0.20000000000000018,0.0,0.20000000000000018,0.20000000000000018,1.854e+16,24.58,4.538741449630566e+34,0.768,-0.8473282442748091,45.6,1.0000000012500008,18.23236497313127
0.20000000000000018,0.10000000000000009,0.30000000000000027,0.10000000000000009,1.881e+16,24.53,4.828590409176937e+34,0.752,-0.8479087452471483,45.3,1.1180339898679297,17.419582035247856
0.20000000000000018,0.20000000000000018,0.40000000000000036,0.0,1.908e+16,24.48,5.132759744387202e+34,0.736,-0.8484848484848485,45.0,1.4142135632569797,16.112411853272228
0.20000000000000018,0.30000000000000004,0.5000000000000002,-0.09999999999999987,1.935e+16,24.43,5.451766229462778e+34,0.72,-0.8490566037735849,44.7,1.8027756384253706,14.801738742661808
0.20000000000000018,0.40000000000000013,0.6000000000000003,-0.19999999999999996,1.962e+16,24.38,5.786139383515881e+34,0.704,-0.849624060150376,44.4,2.2360679780588075,13.770681255302067
0.20000000000000018,0.5,0.7000000000000002,-0.2999999999999998,1.989e+16,24.33,6.136421689105995e+34,0.6880000000000001,-0.850187265917603,44.1,2.692582404031491,13.160549498364109
0.20000000000000018,0.6000000000000001,0.8000000000000003,-0.3999999999999999,2.016e+16,24.28,6.503168814560932e+34,0.672,-0.8507462686567164,43.8,3.1622776605636647,13.051718131664474
0.20000000000000018,0.7000000000000002,0.9000000000000004,-0.5,2.043e+16,24.23,6.886949840152718e+34,0.656,-0.8513011152416357,43.5,3.6400549449836617,13.499668903682082
0.20000000000000018,0.8,1.0000000000000002,-0.5999999999999999,2.07e+16,24.18,7.288347488200228e+34,0.64,-0.8518518518518519,43.2,4.12310562592083,14.549745846806871
0.20000000000000018,0.9000000000000001,1.1000000000000003,-0.7,2.097e+16,24.13,7.707958357171681e+34,0.624,-0.8523985239852399,42.9,4.609772228917607,16.243597693040854
0.20000000000000018,1.0,1.2000000000000002,-0.7999999999999998,2.124e+16,24.08,8.14639315986181e+34,0.6080000000000001,-0.8529411764705882,42.6,5.09901951383793,18.622275499648808
0.30000000000000004,-1.0,-0.7,1.3,1.611e+16,25.03,2.4952883794689455e+34,0.9119999999999999,-0.841897233201581,48.9,5.220153254694732,19.347706214388907
0.30000000000000004,-0.9,-0.6,1.2000000000000002,1.638e+16,24.98,2.677509394225158e+34,0.8960000000000001,-0.84251968503937,48.6,4.7434164905160925,17.715919308798114
0.30000000000000004,-0.8,-0.5,1.1,1.665e+16,24.93,2.869939066164242e+34,0.8800000000000001,-0.8431372549019608,48.3,4.272001872951369,16.431262408854547
0.30000000000000004,-0.7,-0.3999999999999999,1.0,1.692e+16,24.88,3.072988708072083e+34,0.8640000000000001,-0.84375,48.0,3.8078865532602197,15.490512107875647
0.30000000000000004,-0.6,-0.29999999999999993,0.9,1.719e+16,24.83,3.287080570177514e+34,0.8480000000000001,-0.8443579766536965,47.7,3.3541019666223626,14.88555773403094
0.30000000000000004,-0.5,-0.19999999999999996,0.8,1.746e+16,24.78,3.5126480275740084e+34,0.8320000000000001,-0.8449612403100776,47.4,2.9154759478513967,14.59939855867417
0.30000000000000004,-0.3999999999999999,-0.09999999999999987,0.7,1.773e+16,24.73,3.7501357708519066e+34,0.8160000000000001,-0.8455598455598455,47.1,2.500000000499999,14.598708089157135
0.30000000000000004,-0.29999999999999993,1.1102230246251565e-16,0.6,1.8e+16,24.68,4e+34,0.8,-0.8461538461538461,46.8,2.121320344148898,14.820223315531656
0.30000000000000004,-0.19999999999999996,0.10000000000000009,0.5,1.827e+16,24.63,4.262708621636494e+34,0.784,-0.8467432950191571,46.5,1.80277563842537,15.148633289300442
0.30000000000000004,-0.09999999999999998,0.20000000000000007,0.4,1.854e+16,24.58,4.538741449630566e+34,0.768,-0.8473282442748091,46.2,1.5811388308747591,15.396101410195094
0.30000000000000004,0.0,0.30000000000000004,0.30000000000000004,1.881e+16,24.53,4.828590409176937e+34,0.752,-0.8479087452471483,45.9,1.5000000008333334,15.338768974938134
0.30000000000000004,0.10000000000000009,0.40000000000000013,0.19999999999999996,1.908e+16,24.48,5.132759744387202e+34,0.736,-0.8484848484848485,45.6,1.5811388308747596,14.874322881374436
0.30000000000000004,0.20000000000000018,0.5000000000000002,0.09999999999999987,1.935e+16,24.43,5.451766229462778e+34,0.72,-0.8490566037735849,45.3,1.8027756384253706,14.141738742661811
0.30000000000000004,0.30000000000000004,0.6000000000000001,0.0,1.962e+16,24.38,5.786139383515881e+34,0.7040000000000001,-0.849624060150376,45.0,2.1213203441488986,13.401793241806566
0.30000000000000004,0.40000000000000013,0.7000000000000002,-0.10000000000000009,1.989e+16,24.33,6.136421689105995e+34,0.6880000000000001,-0.850187265917603,44.7,2.5000000005,12.879752717787307
0.30000000000000004,0.5,0.8,-0.19999999999999996,2.016e+16,24.28,6.503168814560932e+34,0.672,-0.8507462686567164,44.4,2.9154759478513967,12.729127551581941
0.30000000000000004,0.6000000000000001,0.9000000000000001,-0.30000000000000004,2.043e+16,24.23,6.886949840152718e+34,0.656,-0.8513011152416357,44.1,3.3541019666223635,13.052410284669218
0.30000000000000004,0.7000000000000002,1.0000000000000002,-0.40000000000000013,2.07e+16,24.18,7.288347488200228e+34,0.64,-0.8518518518518519,43.8,3.8078865532602206,13.923450746440233
0.30000000000000004,0.8,1.1,-0.5,2.097e+16,24.13,7.707958357171681e+34,0.6240000000000001,-0.8523985239852399,43.5,4.272001872951369,15.401334650855162
0.30000000000000004,0.9000000000000001,1.2000000000000002,-0.6000000000000001,2.124e+16,24.08,8.14639315986181e+34,0.6080000000000001,-0.8529411764705882,43.2,4.7434164905160925,17.53809212791891
0.30000000000000004,1.0,1.3,-0.7,2.151e+16,24.03,8.60427696571995e+34,0.592,-0.8534798534798534,42.9,5.220153254694732,20.38297917323
0.40000000000000013,-1.0,-0.5999999999999999,1.4000000000000001,1.638e+16,24.98,2.677509394225158e+34,0.8959999999999999,-0.84251968503937,49.2,5.385164807366624,17.946303566120175
0.40000000000000013,-0.9,-0.4999999999999999,1.3000000000000003,1.665e+16,24.93,2.869939066164242e+34,0.8800000000000001,-0.8431372549019608,48.9,4.92442890115189,16.262913753751686
0.40000000000000013,-0.8,-0.3999999999999999,1.2000000000000002,1.692e+16,24.88,3.072988708072083e+34,0.8640000000000001,-0.84375,48.6,4.4721359552790885,14.917140396771874
0.40000000000000013,-0.7,-0.2999999999999998,1.1,1.719e+16,24.83,3.287080570177514e+34,0.8480000000000001,-0.8443579766536965,48.3,4.031128874459362,13.90190974092744
0.40000000000000013,-0.6,-0.19999999999999984,1.0,1.746e+16,24.78,3.5126480275740084e+34,0.8320000000000001,-0.8449612403100776,48.0,3.605551275810677,13.203984254898128
0.40000000000000013,-0.5,-0.09999999999999987,0.9000000000000001,1.773e+16,24.73,3.7501357708519066e+34,0.8160000000000001,-0.8455598455598455,47.7,3.2015621191068595,12.800116436819408
0.40000000000000013,-0.3999999999999999,2.220446049250313e-16,0.8,1.8e+16,24.68,4e+34,0.8,-0.8461538461538461,47.4,2.828427125188132,12.651136019815869
0.40000000000000013,-0.29999999999999993,0.1000000000000002,0.7000000000000001,1.827e+16,24.63,4.262708621636494e+34,0.784,-0.8467432950191571,47.1,2.5000000005,12.693899297889974
0.40000000000000013,-0.19999999999999996,0.20000000000000018,0.6000000000000001,1.854e+16,24.58,4.538741449630566e+34,0.768,-0.8473282442748091,46.8,2.236067978058807,12.833991100682834
0.40000000000000013,-0.09999999999999998,0.30000000000000016,0.5000000000000001,1.881e+16,24.53,4.828590409176937e+34,0.752,-0.8479087452471483,46.5,2.06155281341517,12.950228505738032
0.40000000000000013,0.0,0.40000000000000013,0.40000000000000013,1.908e+16,24.48,5.132759744387202e+34,0.736,-0.8484848484848485,46.2,2.0000000006250005,12.930586447748112
0.40000000000000013,0.10000000000000009,0.5000000000000002,0.30000000000000004,1.935e+16,24.43,5.451766229462778e+34,0.72,-0.8490566037735849,45.9,2.06155281341517,12.738464280217915
0.40000000000000013,0.20000000000000018,0.6000000000000003,0.19999999999999996,1.962e+16,24.38,5.786139383515881e+34,0.704,-0.849624060150376,45.6,2.2360679780588075,12.450681255302062
0.40000000000000013,0.30000000000000004,0.7000000000000002,0.10000000000000009,1.989e+16,24.33,6.136421689105995e+34,0.6880000000000001,-0.850187265917603,45.3,2.5000000005,12.219752717787312
0.40000000000000013,0.40000000000000013,0.8000000000000003,0.0,2.016e+16,24.28,6.503168814560932e+34,0.672,-0.8507462686567164,45.0,2.8284271251881328,12.207896076229893
0.40000000000000013,0.5,0.9000000000000001,-0.09999999999999987,2.043e+16,24.23,6.886949840152718e+34,0.656,-0.8513011152416357,44.7,3.2015621191068595,12.551379446004486
0.40000000000000013,0.6000000000000001,1.0000000000000002,-0.19999999999999996,2.07e+16,24.18,7.288347488200228e+34,0.64,-0.8518518518518519,44.4,3.605551275810678,13.356294772412717
0.40000000000000013,0.7000000000000002,1.1000000000000003,-0.30000000000000004,2.097e+16,24.13,7.707958357171681e+34,0.624,-0.8523985239852399,44.1,4.0311288744593625,14.706136142561194
0.40000000000000013,0.8,1.2000000000000002,-0.3999999999999999,2.124e+16,24.08,8.14639315986181e+34,0.6080000000000001,-0.8529411764705882,43.8,4.4721359552790885,16.67013507172244
0.40000000000000013,0.9000000000000001,1.3000000000000003,-0.5,2.151e+16,24.03,8.60427696571995e+34,0.592,-0.8534798534798534,43.5,4.924428901151891,19.309463117715634
0.40000000000000013,1.0,1.4000000000000001,-0.5999999999999999,2.178e+16,23.98,9.082249447406785e+34,0.576,-0.8540145985401459,43.2,5.385164807366624,22.681373993292127
0.5,-1.0,-0.5,1.5,1.665e+16,24.93,2.869939066164242e+34,0.8800000000000001,-0.8431372549019608,49.5,5.590169943973081,16.70133801823513
0.5,-0.9,-0.4,1.4,1.692e+16,24.88,3.072988708072083e+34,0.8640000000000001,-0.84375,49.2,5.147815070736321,14.96090526175709
0.5,-0.8,-0.30000000000000004,1.3,1.719e+16,24.83,3.287080570177514e+34,0.8480000000000001,-0.8443579766536965,48.9,4.716990566293301,13.549670435840772
0.5,-0.7,-0.19999999999999996,1.2,1.746e+16,24.78,3.5126480275740084e+34,0.8320000000000001,-0.8449612403100776,48.6,4.301162633811932,12.458121785891223
0.5,-0.6,-0.09999999999999998,1.1,1.773e+16,24.73,3.7501357708519066e+34,0.8160000000000001,-0.8455598455598455,48.3,3.9051248382734194,11.670521481403323
0.5,-0.5,0.0,1.0,1.8e+16,24.68,4e+34,0.8,-0.8461538461538461,48.0,3.5355339062862914,11.162048723775992
0.5,-0.3999999999999999,0.10000000000000009,0.8999999999999999,1.827e+16,24.63,4.262708621636494e+34,0.784,-0.8467432950191571,47.7,3.2015621191068586,10.895307645552252
0.5,-0.29999999999999993,0.20000000000000007,0.7999999999999999,1.854e+16,24.58,4.538741449630566e+34,0.768,-0.8473282442748091,47.4,2.9154759478513963,10.817247266823589
0.5,-0.19999999999999996,0.30000000000000004,0.7,1.881e+16,24.53,4.828590409176937e+34,0.752,-0.8479087452471483,47.1,2.6925824040314907,10.859565757348268
0.5,-0.09999999999999998,0.4,0.6,1.908e+16,24.48,5.132759744387202e+34,0.736,-0.8484848484848485,46.8,2.5495097572866827,10.948282786108859
0.5,0.0,0.5,0.5,1.935e+16,24.43,5.451766229462778e+34,0.7200000000000001,-0.8490566037735849,46.5,2.5000000005,11.02700475125135
0.5,0.10000000000000009,0.6000000000000001,0.3999999999999999,1.962e+16,24.38,5.786139383515881e+34,0.7040000000000001,-0.849624060150376,46.2,2.5495097572866827,11.086751469548748
0.5,0.20000000000000018,0.7000000000000002,0.2999999999999998,1.989e+16,24.33,6.136421689105995e+34,0.6880000000000001,-0.850187265917603,45.9,2.692582404031491,11.18054949836411
0.5,0.30000000000000004,0.8,0.19999999999999996,2.016e+16,24.28,6.503168814560932e+34,0.672,-0.8507462686567164,45.6,2.9154759478513967,11.409127551581937
0.5,0.40000000000000013,0.9000000000000001,0.09999999999999987,2.043e+16,24.23,6.886949840152718e+34,0.656,-0.8513011152416357,45.3,3.2015621191068595,11.891379446004493
0.5,0.5,1.0,0.0,2.07e+16,24.18,7.288347488200228e+34,0.6400000000000001,-0.8518518518518519,45.0,3.5355339062862914,12.741390304796841
0.5,0.6000000000000001,1.1,-0.10000000000000009,2.097e+16,24.13,7.707958357171681e+34,0.6240000000000001,-0.8523985239852399,44.7,3.90512483827342,14.059158341583878
0.5,0.7000000000000002,1.2000000000000002,-0.20000000000000018,2.124e+16,24.08,8.14639315986181e+34,0.6080000000000001,-0.8529411764705882,44.4,4.301162633811933,15.930488339791795
0.5,0.8,1.3,-0.30000000000000004,2.151e+16,24.03,8.60427696571995e+34,0.592,-0.8534798534798534,44.1,4.716990566293301,18.430373959437862
0.5,0.9000000000000001,1.4000000000000001,-0.40000000000000013,2.178e+16,23.98,9.082249447406785e+34,0.576,-0.8540145985401459,43.8,5.147815070736322,21.626797544758794
0.5,1.0,1.5,-0.5,2.205e+16,23.93,9.580965131659256e+34,0.5599999999999999,-0.8545454545454545,43.5,5.590169943973081,25.583901098518616
0.6000000000000001,-1.0,-0.3999999999999999,1.6,1.692e+16,24.88,3.072988708072083e+34,0.8640000000000001,-0.84375,49.8,5.830951895059674,15.643652727978646
0.6000000000000001,-0.9,-0.29999999999999993,1.5,1.719e+16,24.83,3.287080570177514e+34,0.8480000000000001,-0.8443579766536965,49.5,5.40832691342711,13.847320526604829
0.6000000000000001,-0.8,-0.19999999999999996,1.4000000000000001,1.746e+16,24.78,3.5126480275740084e+34,0.8320000000000001,-0.8449612403100776,49.2,5.00000000025,12.374516270481852
0.6000000000000001,-0.7,-0.09999999999999987,1.3,1.773e+16,24.73,3.7501357708519066e+34,0.8160000000000001,-0.8455598455598455,48.9,4.609772228917606,11.214960832860294
0.6000000000000001,-0.6,1.1102230246251565e-16,1.2000000000000002,1.8e+16,24.68,4e+34,0.8,-0.8461538461538461,48.6,4.242640687413913,10.352961427574073
0.6000000000000001,-0.5,0.10000000000000009,1.1,1.827e+16,24.63,4.262708621636494e+34,0.784,-0.8467432950191571,48.3,3.90512483827342,9.765712690136164
0.6000000000000001,-0.3999999999999999,0.20000000000000018,1.0,1.854e+16,24.58,4.538741449630566e+34,0.768,-0.8473282442748091,48.0,3.605551275810677,9.421832963047546
0.6000000000000001,-0.29999999999999993,0.30000000000000016,0.9,1.881e+16,24.53,4.828590409176937e+34,0.752,-0.8479087452471483,47.7,3.3541019666223626,9.28120816309847
0.6000000000000001,-0.19999999999999996,0.40000000000000013,0.8,1.908e+16,24.48,5.132759744387202e+34,0.736,-0.8484848484848485,47.4,3.162277660563664,9.29805931808546
0.6000000000000001,-0.09999999999999998,0.5000000000000001,0.7000000000000001,1.935e+16,24.43,5.451766229462778e+34,0.72,-0.8490566037735849,47.1,3.0413812655601076,9.429407793420754
0.6000000000000001,0.0,0.6000000000000001,0.6000000000000001,1.962e+16,24.38,5.786139383515881e+34,0.7040000000000001,-0.849624060150376,46.8,3.0000000004166667,9.649055132333839
0.6000000000000001,0.10000000000000009,0.7000000000000002,0.5,1.989e+16,24.33,6.136421689105995e+34,0.6880000000000001,-0.850187265917603,46.5,3.0413812655601076,9.962155759956717
0.6000000000000001,0.20000000000000018,0.8000000000000003,0.3999999999999999,2.016e+16,24.28,6.503168814560932e+34,0.672,-0.8507462686567164,46.2,3.1622776605636647,10.411718131664463
0.6000000000000001,0.30000000000000004,0.9000000000000001,0.30000000000000004,2.043e+16,24.23,6.886949840152718e+34,0.656,-0.8513011152416357,45.9,3.3541019666223635,11.072410284669218
0.6000000000000001,0.40000000000000013,1.0000000000000002,0.19999999999999996,2.07e+16,24.18,7.288347488200228e+34,0.64,-0.8518518518518519,45.6,3.605551275810678,12.036294772412711
0.6000000000000001,0.5,1.1,0.10000000000000009,2.097e+16,24.13,7.707958357171681e+34,0.6240000000000001,-0.8523985239852399,45.3,3.90512483827342,13.399158341583883
0.6000000000000001,0.6000000000000001,1.2000000000000002,0.0,2.124e+16,24.08,8.14639315986181e+34,0.6080000000000001,-0.8529411764705882,45.0,4.242640687413913,15.252359044980901
0.6000000000000001,0.7000000000000002,1.3000000000000003,-0.10000000000000009,2.151e+16,24.03,8.60427696571995e+34,0.592,-0.8534798534798534,44.7,4.609772228917607,17.68007481500418
0.6000000000000001,0.8,1.4000000000000001,-0.19999999999999996,2.178e+16,23.98,9.082249447406785e+34,0.576,-0.8540145985401459,44.4,5.00000000025,20.75978043243356
0.6000000000000001,0.9000000000000001,1.5000000000000002,-0.30000000000000004,2.205e+16,23.93,9.580965131659256e+34,0.5599999999999999,-0.8545454545454545,44.1,5.40832691342711,24.56403776652146
0.6000000000000001,1.0,1.6,-0.3999999999999999,2.232e+16,23.88,1.0101093654544526e+35,0.5439999999999999,-0.855072463768116,43.8,5.830951895059674,29.162527882091858
0.7000000000000002,-1.0,-0.2999999999999998,1.7000000000000002,1.719e+16,24.83,3.287080570177514e+34,0.8480000000000001,-0.8443579766536965,50.1,6.103277808071659,14.805090606059803
0.7000000000000002,-0.9,-0.19999999999999984,1.6,1.746e+16,24.78,3.5126480275740084e+34,0.8320000000000001,-0.8449612403100776,49.8,5.700877125714955,12.959692080424595
0.7000000000000002,-0.8,-0.09999999999999987,1.5000000000000002,1.773e+16,24.73,3.7501357708519066e+34,0.8160000000000001,-0.8455598455598455,49.5,5.315072906602505,11.435807105593353
0.7000000000000002,-0.7,2.220446049250313e-16,1.4000000000000001,1.8e+16,24.68,4e+34,0.8,-0.8461538461538461,49.2,4.949747468558371,10.223874131279555
0.7000000000000002,-0.6,0.1000000000000002,1.3000000000000003,1.827e+16,24.63,4.262708621636494e+34,0.784,-0.8467432950191571,48.9,4.609772228917607,9.310152041593135
0.7000000000000002,-0.5,0.20000000000000018,1.2000000000000002,1.854e+16,24.58,4.538741449630566e+34,0.768,-0.8473282442748091,48.6,4.301162633811933,8.675970494040639
0.7000000000000002,-0.3999999999999999,0.30000000000000027,1.1,1.881e+16,24.53,4.828590409176937e+34,0.752,-0.8479087452471483,48.3,4.031128874459362,8.297560169994972
0.7000000000000002,-0.29999999999999993,0.40000000000000024,1.0,1.908e+16,24.48,5.132759744387202e+34,0.736,-0.8484848484848485,48.0,3.8078865532602206,8.1472104082544
0.7000000000000002,-0.19999999999999996,0.5000000000000002,0.9000000000000001,1.935e+16,24.43,5.451766229462778e+34,0.72,-0.8490566037735849,47.7,3.6400549449836617,8.19670255659121
0.7000000000000002,-0.09999999999999998,0.6000000000000002,0.8000000000000002,1.962e+16,24.38,5.786139383515881e+34,0.704,-0.849624060150376,47.4,3.535533906286292,8.423618650050898
0.7000000000000002,0.0,0.7000000000000002,0.7000000000000002,1.989e+16,24.33,6.136421689105995e+34,0.6880000000000001,-0.850187265917603,47.1,3.500000000357144,8.819752718573017
0.7000000000000002,0.10000000000000009,0.8000000000000003,0.6000000000000001,2.016e+16,24.28,6.503168814560932e+34,0.672,-0.8507462686567164,46.8,3.535533906286292,9.398808780190016
0.7000000000000002,0.20000000000000018,0.9000000000000004,0.5,2.043e+16,24.23,6.886949840152718e+34,0.656,-0.8513011152416357,46.5,3.6400549449836617,10.199668903682078
0.7000000000000002,0.30000000000000004,1.0000000000000002,0.40000000000000013,2.07e+16,24.18,7.288347488200228e+34,0.64,-0.8518518518518519,46.2,3.8078865532602206,11.283450746440224
0.7000000000000002,0.40000000000000013,1.1000000000000003,0.30000000000000004,2.097e+16,24.13,7.707958357171681e+34,0.624,-0.8523985239852399,45.9,4.0311288744593625,12.726136142561195
0.7000000000000002,0.5,1.2000000000000002,0.20000000000000018,2.124e+16,24.08,8.14639315986181e+34,0.6080000000000001,-0.8529411764705882,45.6,4.301162633811933,14.61048833979179
0.7000000000000002,0.6000000000000001,1.3000000000000003,0.10000000000000009,2.151e+16,24.03,8.60427696571995e+34,0.592,-0.8534798534798534,45.3,4.609772228917607,17.020074815004186
0.7000000000000002,0.7000000000000002,1.4000000000000004,0.0,2.178e+16,23.98,9.082249447406785e+34,0.576,-0.8540145985401459,45.0,4.949747468558372,20.036169356737517
0.7000000000000002,0.8,1.5000000000000002,-0.09999999999999987,2.205e+16,23.93,9.580965131659256e+34,0.5599999999999999,-0.8545454545454545,44.7,5.315072906602505,23.73693480405678
0.7000000000000002,0.9000000000000001,1.6000000000000003,-0.19999999999999996,2.232e+16,23.88,1.0101093654544526e+35,0.5439999999999999,-0.855072463768116,44.4,5.700877125714956,28.197939113487806
0.7000000000000002,1.0,1.7000000000000002,-0.2999999999999998,2.259e+16,23.83,1.0643320021185797e+35,0.5279999999999999,-0.855595667870036,44.1,6.103277808071659,33.493258299476246
0.8,-1.0,-0.19999999999999996,1.8,1.746e+16,24.78,3.5126480275740084e+34,0.8320000000000001,-0.8449612403100776,50.4,6.403124237628065,14.217332964902482
0.8,-0.9,-0.09999999999999998,1.7000000000000002,1.773e+16,24.73,3.7501357708519066e+34,0.8160000000000001,-0.8455598455598455,50.1,6.020797289603761,12.334322999086444
0.8,-0.8,0.0,1.6,1.8e+16,24.68,4e+34,0.8,-0.8461538461538461,49.8,5.656854249713351,10.774786834927156
0.8,-0.7,0.10000000000000009,1.5,1.827e+16,24.63,4.262708621636494e+34,0.784,-0.8467432950191571,49.5,5.315072906602505,9.530998314326194
0.8,-0.6,0.20000000000000007,1.4,1.854e+16,24.58,4.538741449630566e+34,0.768,-0.8473282442748091,49.2,5.00000000025,8.592364978631268
0.8,-0.5,0.30000000000000004,1.3,1.881e+16,24.53,4.828590409176937e+34,0.752,-0.8479087452471483,48.9,4.716990566293301,7.945320864908303
0.8,-0.3999999999999999,0.40000000000000013,1.2,1.908e+16,24.48,5.132759744387202e+34,0.736,-0.8484848484848485,48.6,4.472135955279088,7.57383869715063
0.8,-0.29999999999999993,0.5000000000000001,1.1,1.935e+16,24.43,5.451766229462778e+34,0.72,-0.8490566037735849,48.3,4.2720018729513685,7.460994452768815
0.8,-0.19999999999999996,0.6000000000000001,1.0,1.962e+16,24.38,5.786139383515881e+34,0.7040000000000001,-0.849624060150376,48.0,4.12310562592083,7.591974192060938
0.8,-0.09999999999999998,0.7000000000000001,0.9,1.989e+16,24.33,6.136421689105995e+34,0.6880000000000001,-0.850187265917603,47.7,4.031128874459362,7.958543911010817
0.8,0.0,0.8,0.8,2.016e+16,24.28,6.503168814560932e+34,0.672,-0.8507462686567164,47.4,4.0000000003125,8.564245263045867
0.8,0.10000000000000009,0.9000000000000001,0.7,2.043e+16,24.23,6.886949840152718e+34,0.656,-0.8513011152416357,47.1,4.031128874459362,9.428762291565722
0.8,0.20000000000000018,1.0000000000000002,0.5999999999999999,2.07e+16,24.18,7.288347488200228e+34,0.64,-0.8518518518518519,46.8,4.12310562592083,10.58974584680687
0.8,0.30000000000000004,1.1,0.5,2.097e+16,24.13,7.707958357171681e+34,0.6240000000000001,-0.8523985239852399,46.5,4.272001872951369,12.101334650855158
0.8,0.40000000000000013,1.2000000000000002,0.3999999999999999,2.124e+16,24.08,8.14639315986181e+34,0.6080000000000001,-0.8529411764705882,46.2,4.4721359552790885,14.030135071722436
0.8,0.5,1.3,0.30000000000000004,2.151e+16,24.03,8.60427696571995e+34,0.592,-0.8534798534798534,45.9,4.716990566293301,16.45037395943786
0.8,0.6000000000000001,1.4000000000000001,0.19999999999999996,2.178e+16,23.98,9.082249447406785e+34,0.576,-0.8540145985401459,45.6,5.00000000025,19.439780432433555
0.8,0.7000000000000002,1.5000000000000002,0.09999999999999987,2.205e+16,23.93,9.580965131659256e+34,0.5599999999999999,-0.8545454545454545,45.3,5.315072906602505,23.076934804056787
0.8,0.8,1.6,0.0,2.232e+16,23.88,1.0101093654544526e+35,0.5439999999999999,-0.855072463768116,45.0,5.656854249713351,27.440064931496625
0.8,0.9000000000000001,1.7000000000000002,-0.10000000000000009,2.259e+16,23.83,1.0643320021185797e+35,0.5279999999999999,-0.855595667870036,44.7,6.020797289603761,32.606901151049684
0.8,1.0,1.8,-0.19999999999999996,2.286e+16,23.78,1.1208344870044259e+35,0.5119999999999999,-0.8561151079136691,44.4,6.403124237628065,38.65515788181677
0.9000000000000001,-1.0,-0.09999999999999987,1.9000000000000001,1.773e+16,24.73,3.7501357708519066e+34,0.8160000000000001,-0.8455598455598455,50.7,6.726812023722679,13.9112419614324
0.9000000000000001,-0.9,1.1102230246251565e-16,1.8000000000000003,1.8e+16,24.68,4e+34,0.8,-0.8461538461538461,50.4,6.3639610308753465,12.005699538536184
0.9000000000000001,-0.8,0.10000000000000009,1.7000000000000002,1.827e+16,24.63,4.262708621636494e+34,0.784,-0.8467432950191571,50.1,6.020797289603761,10.429514207819285
0.9000000000000001,-0.7,0.20000000000000018,1.6,1.854e+16,24.58,4.538741449630566e+34,0.768,-0.8473282442748091,49.8,5.700877125714955,9.177540788574014
0.9000000000000001,-0.6,0.30000000000000016,1.5,1.881e+16,24.53,4.828590409176937e+34,0.752,-0.8479087452471483,49.5,5.40832691342711,8.24297095567236
0.9000000000000001,-0.5,0.40000000000000013,1.4000000000000001,1.908e+16,24.48,5.132759744387202e+34,0.736,-0.8484848484848485,49.2,5.147815070736322,7.617603562135844
0.9000000000000001,-0.3999999999999999,0.5000000000000002,1.3,1.935e+16,24.43,5.451766229462778e+34,0.72,-0.8490566037735849,48.9,4.92442890115189,7.292645797665952
0.9000000000000001,-0.29999999999999993,0.6000000000000002,1.2000000000000002,1.962e+16,24.38,5.786139383515881e+34,0.704,-0.849624060150376,48.6,4.7434164905160925,7.260264436786993
0.9000000000000001,-0.19999999999999996,0.7000000000000002,1.1,1.989e+16,24.33,6.136421689105995e+34,0.6880000000000001,-0.850187265917603,48.3,4.609772228917607,7.516005461490465
0.9000000000000001,-0.09999999999999998,0.8000000000000002,1.0,2.016e+16,24.28,6.503168814560932e+34,0.672,-0.8507462686567164,48.0,4.527692569344787,8.061936133368286
0.9000000000000001,0.0,0.9000000000000001,0.9000000000000001,2.043e+16,24.23,6.886949840152718e+34,0.656,-0.8513011152416357,47.7,4.500000000277779,8.909971099564432
0.9000000000000001,0.10000000000000009,1.0000000000000002,0.8,2.07e+16,24.18,7.288347488200228e+34,0.64,-0.8518518518518519,47.4,4.527692569344787,10.084517657975105
0.9000000000000001,0.20000000000000018,1.1000000000000003,0.7,2.097e+16,24.13,7.707958357171681e+34,0.624,-0.8523985239852399,47.1,4.609772228917607,11.623597693040844
0.9000000000000001,0.30000000000000004,1.2000000000000002,0.6000000000000001,2.124e+16,24.08,8.14639315986181e+34,0.6080000000000001,-0.8529411764705882,46.8,4.7434164905160925,13.578092127918913
0.9000000000000001,0.40000000000000013,1.3000000000000003,0.5,2.151e+16,24.03,8.60427696571995e+34,0.592,-0.8534798534798534,46.5,4.924428901151891,16.009463117715626
0.9000000000000001,0.5,1.4000000000000001,0.40000000000000013,2.178e+16,23.98,9.082249447406785e+34,0.576,-0.8540145985401459,46.2,5.147815070736322,18.986797544758783
0.9000000000000001,0.6000000000000001,1.5000000000000002,0.30000000000000004,2.205e+16,23.93,9.580965131659256e+34,0.5599999999999999,-0.8545454545454545,45.9,5.40832691342711,22.58403776652146
0.9000000000000001,0.7000000000000002,1.6000000000000003,0.19999999999999996,2.232e+16,23.88,1.0101093654544526e+35,0.5439999999999999,-0.855072463768116,45.6,5.700877125714956,26.877939113487802
0.9000000000000001,0.8,1.7000000000000002,0.10000000000000009,2.259e+16,23.83,1.0643320021185797e+35,0.5279999999999999,-0.855595667870036,45.3,6.020797289603761,31.94690115104969
0.9000000000000001,0.9000000000000001,1.8000000000000003,0.0,2.286e+16,23.78,1.1208344870044259e+35,0.5119999999999999,-0.8561151079136691,45.0,6.3639610308753465,37.87055551895672
0.9000000000000001,1.0,1.9000000000000001,-0.09999999999999987,2.313e+16,23.73,1.1796884741843336e+35,0.49599999999999994,-0.8566308243727598,44.7,6.726812023722679,44.72829220431591
1.0,-1.0,0.0,2.0,1.8e+16,24.68,4e+34,0.8,-0.8461538461538461,51.0,7.071067812042251,13.916612242118203
1.0,-0.9,0.09999999999999998,1.9,1.827e+16,24.63,4.262708621636494e+34,0.784,-0.8467432950191571,50.7,6.726812023722679,12.006433170165241
1.0,-0.8,0.19999999999999996,1.8,1.854e+16,24.58,4.538741449630566e+34,0.768,-0.8473282442748091,50.4,6.403124237628065,10.4351816730519
1.0,-0.7,0.30000000000000004,1.7,1.881e+16,24.53,4.828590409176937e+34,0.752,-0.8479087452471483,50.1,6.103277808071659,9.200741035127335
1.0,-0.6,0.4,1.6,1.908e+16,24.48,5.132759744387202e+34,0.736,-0.8484848484848485,49.8,5.830951895059674,8.300351028357401
1.0,-0.5,0.5,1.5,1.935e+16,24.43,5.451766229462778e+34,0.7200000000000001,-0.8490566037735849,49.5,5.590169943973081,7.731070062149399
1.0,-0.3999999999999999,0.6000000000000001,1.4,1.962e+16,24.38,5.786139383515881e+34,0.7040000000000001,-0.849624060150376,49.2,5.385164807366622,7.490648694109076
1.0,-0.29999999999999993,0.7000000000000001,1.2999999999999998,1.989e+16,24.33,6.136421689105995e+34,0.6880000000000001,-0.850187265917603,48.9,5.220153254694732,7.578909819716278
1.0,-0.19999999999999996,0.8,1.2,2.016e+16,24.28,6.503168814560932e+34,0.672,-0.8507462686567164,48.6,5.09901951383793,7.999637938656002
1.0,-0.09999999999999998,0.9,1.1,2.043e+16,24.23,6.886949840152718e+34,0.656,-0.8513011152416357,48.3,5.024937810809204,8.762813141641583
1.0,0.0,1.0,1.0,2.07e+16,24.18,7.288347488200228e+34,0.6400000000000001,-0.8518518518518519,48.0,5.00000000025,9.886826787996437
1.0,0.10000000000000009,1.1,0.8999999999999999,2.097e+16,24.13,7.707958357171681e+34,0.6240000000000001,-0.8523985239852399,47.7,5.024937810809204,11.40018699263706
1.0,0.20000000000000018,1.2000000000000002,0.7999999999999998,2.124e+16,24.08,8.14639315986181e+34,0.6080000000000001,-0.8529411764705882,47.4,5.09901951383793,13.342275499648803
1.0,0.30000000000000004,1.3,0.7,2.151e+16,24.03,8.60427696571995e+34,0.592,-0.8534798534798534,47.1,5.220153254694732,15.762979173229992
1.0,0.40000000000000013,1.4000000000000001,0.5999999999999999,2.178e+16,23.98,9.082249447406785e+34,0.576,-0.8540145985401459,46.8,5.385164807366624,18.72137399329213
1.0,0.5,1.5,0.5,2.205e+16,23.93,9.580965131659256e+34,0.5599999999999999,-0.8545454545454545,46.5,5.590169943973081,22.283901098518612
1.0,0.6000000000000001,1.6,0.3999999999999999,2.232e+16,23.88,1.0101093654544526e+35,0.5439999999999999,-0.855072463768116,46.2,5.830951895059674,26.522527882091847
1.0,0.7000000000000002,1.7000000000000002,0.2999999999999998,2.259e+16,23.83,1.0643320021185797e+35,0.5279999999999999,-0.855595667870036,45.9,6.103277808071659,31.51325829947625
1.0,0.8,1.8,0.19999999999999996,2.286e+16,23.78,1.1208344870044259e+35,0.5119999999999999,-0.8561151079136691,45.6,6.403124237628065,37.33515788181676
1.0,0.9000000000000001,1.9000000000000001,0.09999999999999987,2.313e+16,23.73,1.1796884741843336e+35,0.49599999999999994,-0.8566308243727598,45.3,6.726812023722679,44.06829220431592
1.0,1.0,2.0,0.0,2.34e+16,23.68,1.240967235322316e+35,0.48,-0.8571428571428571,45.0,7.071067812042251,51.76168465037664
