alpha_4,alpha_5,alpha_6,chi_squared
-5.0,-5.0,0.5,817.073477554688
-5.0,-5.0,1.125,816.0179334470731
-5.0,-5.0,1.75,812.1884843774392
-5.0,-5.0,2.375,815.2084397600622
-5.0,-5.0,3.0,894.9255035067005
-5.0,-4.5,0.5,741.530812092237
-5.0,-4.5,1.125,740.9571708125741
-5.0,-4.5,1.75,738.4827341514092
-5.0,-4.5,2.375,735.309135653954
-5.0,-4.5,3.0,748.9564449160034
-5.0,-4.0,0.5,675.2421624967801
-5.0,-4.0,1.125,674.9700415072577
-5.0,-4.0,1.75,673.6879638724592
-5.0,-4.0,2.375,670.8570783172594
-5.0,-4.0,3.0,669.1620480270819
-5.0,-3.5,0.5,618.1134732436595
-5.0,-3.5,1.125,618.0071843621873
-5.0,-3.5,1.75,617.4841235747567
-5.0,-3.5,2.375,616.1055370920535
-5.0,-3.5,3.0,613.7617420111487
-5.0,-3.0,0.5,570.0401333478733
-5.0,-3.0,1.125,570.009776645533
-5.0,-3.0,1.75,569.8575344096726
-5.0,-3.0,2.375,569.428874197312
-5.0,-3.0,3.0,568.5441985904482
-5.0,-2.5,0.5,530.9084511891272
-5.0,-2.5,1.125,530.9037320598802
-5.0,-2.5,1.75,530.8799166678389
-5.0,-2.5,2.375,530.8114617584365
-5.0,-2.5,3.0,530.662734022623
-5.0,-2.0,0.5,500.59918010779353
-5.0,-2.0,1.125,500.59905712058816
-5.0,-2.0,1.75,500.59843576598456
-5.0,-2.0,2.375,500.59664326621123
-5.0,-2.0,3.0,500.5927150210146
-5.0,-1.5,0.5,478.9935604057456
-5.0,-1.5,1.125,478.9935525807839
-5.0,-1.5,1.75,478.9935130464965
-5.0,-1.5,2.375,478.9933989866515
-5.0,-1.5,3.0,478.99314897205556
-5.0,-1.0,0.5,465.98188056568694
-5.0,-1.0,1.125,465.9798412065056
-5.0,-1.0,1.75,465.96954275965123
-5.0,-1.0,2.375,465.93987827280637
-5.0,-1.0,3.0,465.8751013248574
-5.0,-0.5,0.5,461.4737283472896
-5.0,-0.5,1.125,461.4542658409681
-5.0,-0.5,1.75,461.3563987465566
-5.0,-0.5,2.375,461.0783844537707
-5.0,-0.5,3.0,460.4915424998626
-5.0,0.0,0.5,465.4081106499248
-5.0,0.0,1.125,465.32577828255796
-5.0,0.0,1.75,464.9181579865652
-5.0,0.0,2.375,463.82026845823015
-5.0,0.0,3.0,461.819697511745
-5.0,0.5,0.5,477.76097849499195
-5.0,0.5,1.125,477.5230830644791
-5.0,0.5,1.75,476.3918393448233
-5.0,0.5,2.375,473.7894754289297
-5.0,0.5,3.0,471.5216333638849
-5.0,1.0,0.5,498.5479627493297
-5.0,1.0,1.125,497.9996271139919
-5.0,1.0,1.75,495.6155637045468
-5.0,1.0,2.375,492.35200879016037
-5.0,1.0,3.0,503.97997558312693
-5.0,1.5,0.5,527.8214368456295
-5.0,1.5,1.125,526.7387313915098
-5.0,1.5,1.75,522.8547595854066
-5.0,1.5,2.375,526.4912818887074
-5.0,1.5,3.0,611.5807982127536
-5.0,2.0,0.5,565.6627989434944
-5.0,2.0,1.125,563.764747446452
-5.0,2.0,1.75,559.4990133383401
-5.0,2.0,2.375,597.0069789312629
-5.0,2.0,3.0,938.0574064002101
-5.0,2.5,0.5,612.1721778625595
-5.0,2.5,1.125,609.1697566373348
-5.0,2.5,1.75,609.383265507644
-5.0,2.5,2.375,753.9346969344035
-5.0,2.5,3.0,1818.662173430666
-5.0,3.0,0.5,667.4580389384869
-5.0,3.0,1.125,663.1685531689617
-5.0,3.0,1.75,681.0887057015095
-5.0,3.0,2.375,1103.2507078298938
-5.0,3.0,3.0,3953.4963364415744
-5.0,3.5,0.5,731.6285273535854
-5.0,3.5,1.125,726.1977345868074
-5.0,3.5,1.75,791.7058829140668
-5.0,3.5,2.375,1850.3964501035562
-5.0,3.5,3.0,8689.860549774752
-5.0,4.0,0.5,804.7854001850203
-5.0,4.0,1.125,799.0783979667885
-5.0,4.0,1.75,972.7016376873212
-5.0,4.0,2.375,3367.998701420894
-5.0,4.0,3.0,18461.428838944757
-5.0,4.5,0.5,887.0205734229592
-5.0,4.5,1.125,883.2669216606898
-5.0,4.5,1.75,1278.7300552553402
-5.0,4.5,2.375,6297.455666826125
-5.0,4.5,3.0,37446.92322241235
-5.0,5.0,0.5,978.4148564919111
-5.0,5.0,1.125,981.2250598587206
-5.0,5.0,1.75,1800.4744878395675
-5.0,5.0,2.375,11696.904970306581
-5.0,5.0,3.0,72529.41312038079
-4.5,-5.0,0.5,734.930812092237
-4.5,-5.0,1.125,734.3571708125739
-4.5,-5.0,1.75,731.8827341514091
-4.5,-5.0,2.375,728.7091356539538
-4.5,-5.0,3.0,742.3564449160034
-4.5,-4.5,0.5,658.9691506825128
-4.5,-4.5,1.125,658.6970296929906
-4.5,-4.5,1.75,657.4149520581921
-4.5,-4.5,2.375,654.5840665029921
-4.5,-4.5,3.0,652.8890362128147
-4.5,-4.0,0.5,592.2816875016041
-4.5,-4.0,1.125,592.1753986201319
-4.5,-4.0,1.75,591.6523378327013
-4.5,-4.0,2.375,590.2737513499981
-4.5,-4.0,3.0,587.9299562690933
-4.5,-3.5,0.5,534.7671895049876
-4.5,-3.5,1.125,534.7368328026473
-4.5,-3.5,1.75,534.5845905667869
-4.5,-3.5,2.375,534.1559303544263
-4.5,-3.5,3.0,533.2712547475625
-4.5,-3.0,0.5,486.30913452934817
-4.5,-3.0,1.125,486.3044154001011
-4.5,-3.0,1.75,486.2806000080599
-4.5,-3.0,2.375,486.21214509865746
-4.5,-3.0,3.0,486.063417362844
-4.5,-2.5,0.5,446.7762978654212
-4.5,-2.5,1.125,446.7761748782159
-4.5,-2.5,1.75,446.77555352361225
-4.5,-2.5,2.375,446.7737610238389
-4.5,-2.5,3.0,446.7698327786423
-4.5,-2.0,0.5,416.02598012856924
-4.5,-2.0,1.125,416.02597230360755
-4.5,-2.0,1.75,416.0259327693201
-4.5,-2.0,2.375,416.02581870947506
-4.5,-2.0,3.0,416.0255686948791
-4.5,-1.5,0.5,393.9109637075428
-4.5,-1.5,1.125,393.90892434836155
-4.5,-1.5,1.75,393.8986259015071
-4.5,-1.5,2.375,393.8689614146623
-4.5,-1.5,3.0,393.8041844667133
-4.5,-1.0,0.5,380.29078184992466
-4.5,-1.0,1.125,380.2713193436032
-4.5,-1.0,1.75,380.17345224919166
-4.5,-1.0,2.375,379.8954379564057
-4.5,-1.0,3.0,379.30859600249767
-4.5,-0.5,0.5,375.04656500053545
-4.5,-0.5,1.125,374.96423263316854
-4.5,-0.5,1.75,374.55661233717575
-4.5,-0.5,2.375,373.4587228088407
-4.5,-0.5,3.0,371.4581518623556
-4.5,0.0,0.5,378.09676828540427
-4.5,0.0,1.125,377.8588728548914
-4.5,0.0,1.75,376.72762913523553
-4.5,0.0,2.375,374.12526521934194
-4.5,0.0,3.0,371.8574231542972
-4.5,0.5,0.5,389.4094537237418
-4.5,0.5,1.125,388.861118088404
-4.5,0.5,1.75,386.4770546789589
-4.5,0.5,2.375,383.2134997645725
-4.5,0.5,3.0,394.841466557539
-4.5,1.0,0.5,409.0069150553724
-4.5,1.0,1.125,407.9242096012527
-4.5,1.0,1.75,404.04023779514955
-4.5,1.0,2.375,407.67676009845025
-4.5,1.0,3.0,492.76627642249656
-4.5,1.5,0.5,436.9608776577477
-4.5,1.5,1.125,435.0628261607052
-4.5,1.5,1.75,430.79709205259337
-4.5,1.5,2.375,468.3050576455162
-4.5,1.5,3.0,809.3554851144635
-4.5,2.0,0.5,473.38005654097344
-4.5,2.0,1.125,470.37763531574865
-4.5,2.0,1.75,470.5911441860578
-4.5,2.0,2.375,615.1425756128174
-4.5,2.0,3.0,1679.87005210908
-4.5,2.5,0.5,518.3943016081614
-4.5,2.5,1.125,514.1048158386363
-4.5,2.5,1.75,532.0249683711841
-4.5,2.5,2.375,954.1869704995685
-4.5,2.5,3.0,3804.4325991112487
-4.5,3.0,0.5,572.1396769570343
-4.5,3.0,1.125,566.7088841902564
-4.5,3.0,1.75,632.2170325175158
-4.5,3.0,2.375,1690.9075997070051
-4.5,3.0,3.0,8530.3716993782
-4.5,3.5,0.5,634.747195763292
-4.5,3.5,1.125,629.0401935450602
-4.5,3.5,1.75,802.6634332655929
-4.5,3.5,2.375,3197.960496999166
-4.5,3.5,3.0,18291.390634523028
-4.5,4.0,0.5,706.3359786118288
-4.5,4.0,1.125,702.5823268495594
-4.5,4.0,1.75,1098.0454604442098
-4.5,4.0,2.375,6116.771072014995
-4.5,4.0,3.0,37266.23862760121
-4.5,4.5,0.5,787.0102929745412
-4.5,4.5,1.125,789.8204963413507
-4.5,4.5,1.75,1609.0699243221977
-4.5,4.5,2.375,11505.500406789211
-4.5,4.5,3.0,72338.00855686344
-4.5,5.0,0.5,876.8594401363855
-4.5,5.0,1.125,894.7704667982835
-4.5,5.0,1.75,2480.734197283207
-4.5,5.0,2.375,21049.42662878641
-4.5,5.0,3.0,134457.97375617473
-4.0,-5.0,0.5,662.0421624967801
-4.0,-5.0,1.125,661.7700415072577
-4.0,-5.0,1.75,660.4879638724592
-4.0,-5.0,2.375,657.6570783172593
-4.0,-5.0,3.0,655.9620480270819
-4.0,-4.5,0.5,585.6816875016041
-4.0,-4.5,1.125,585.5753986201319
-4.0,-4.5,1.75,585.0523378327013
-4.0,-4.5,2.375,583.6737513499979
-4.0,-4.5,3.0,581.3299562690931
-4.0,-4.0,0.5,518.6278185950787
-4.0,-4.0,1.125,518.5974618927382
-4.0,-4.0,1.75,518.445219656878
-4.0,-4.0,2.375,518.0165594445173
-4.0,-4.0,3.0,517.1318838376535
-4.0,-3.5,0.5,460.7736197171363
-4.0,-3.5,1.125,460.7689005878892
-4.0,-3.5,1.75,460.745085195848
-4.0,-3.5,2.375,460.6766302864456
-4.0,-3.5,3.0,460.5279025506321
-4.0,-3.0,0.5,411.99121230399237
-4.0,-3.0,1.125,411.991089316787
-4.0,-3.0,1.75,411.9904679621834
-4.0,-3.0,2.375,411.9886754624101
-4.0,-3.0,3.0,411.98474721721345
-4.0,-2.5,0.5,372.1305343374873
-4.0,-2.5,1.125,372.1305265125256
-4.0,-2.5,1.75,372.1304869782382
-4.0,-2.5,2.375,372.13037291839316
-4.0,-2.5,3.0,372.1301229037972
-4.0,-2.0,0.5,341.0211784270001
-4.0,-2.0,1.125,341.01913906781874
-4.0,-2.0,1.75,341.0088406209644
-4.0,-2.0,2.375,340.97917613411954
-4.0,-2.0,3.0,340.91439918617056
-4.0,-1.5,0.5,318.4794666395858
-4.0,-1.5,1.125,318.4600041332643
-4.0,-1.5,1.75,318.3621370388528
-4.0,-1.5,2.375,318.0841227460668
-4.0,-1.5,3.0,317.4972807921588
-4.0,-1.0,0.5,304.3227059454392
-4.0,-1.0,1.125,304.2403735780723
-4.0,-1.0,1.75,303.8327532820795
-4.0,-1.0,2.375,302.7348637537445
-4.0,-1.0,3.0,300.73429280725935
-4.0,-0.5,0.5,298.39072424629916
-4.0,-0.5,1.125,298.15282881578634
-4.0,-0.5,1.75,297.0215850961304
-4.0,-0.5,2.375,294.4192211802369
-4.0,-0.5,3.0,292.1513791151921
-4.0,0.0,0.5,300.57099937313126
-4.0,0.0,1.125,300.02266373779344
-4.0,0.0,1.75,297.63860032834833
-4.0,0.0,2.375,294.3750454139619
-4.0,0.0,3.0,306.0030122069285
-4.0,0.5,0.5,310.8196073040445
-4.0,0.5,1.125,309.7369018499248
-4.0,0.5,1.75,305.85293004382163
-4.0,0.5,2.375,309.4894523471223
-4.0,0.5,3.0,394.57896867116864
-4.0,1.0,0.5,329.1694264352077
-4.0,1.0,1.125,327.2713749381652
-4.0,1.0,1.75,323.0056408300534
-4.0,1.0,2.375,360.5136064229761
-4.0,1.0,3.0,701.5640338919234
-4.0,1.5,0.5,355.72179981755386
-4.0,1.5,1.125,352.7193785923291
-4.0,1.5,1.75,352.9328874626383
-4.0,1.5,2.375,497.48431888939785
-4.0,1.5,3.0,1562.2117953856603
-4.0,2.0,0.5,390.62547728424425
-4.0,2.0,1.125,386.3359915147191
-4.0,2.0,1.75,404.2561440472669
-4.0,2.0,2.375,826.4181461756513
-4.0,2.0,3.0,3676.6637747873315
-4.0,2.5,0.5,434.0514265041454
-4.0,2.5,1.125,428.62063373736754
-4.0,2.5,1.75,494.1287820646269
-4.0,2.5,2.375,1552.8193492541163
-4.0,2.5,3.0,8392.283448925313
-4.0,3.0,0.5,486.1713167144235
-4.0,3.0,1.125,480.4643144961918
-4.0,3.0,1.75,654.0875542167244
-4.0,3.0,2.375,3049.384617950297
-4.0,3.0,3.0,18142.81475547416
-4.0,3.5,0.5,547.1433991451214
-4.0,3.5,1.125,543.3897473828521
-4.0,3.5,1.75,938.8528809775022
-4.0,3.5,2.375,5957.578492548288
-4.0,3.5,3.0,37107.04604813451
-4.0,4.0,0.5,617.1057294571713
-4.0,4.0,1.125,619.9159328239807
-4.0,4.0,1.75,1439.1653608048275
-4.0,4.0,2.375,11335.59584327184
-4.0,4.0,3.0,72168.10399334606
-4.0,4.5,0.5,696.1748453252551
-4.0,4.5,1.125,714.085871987153
-4.0,4.5,1.75,2300.0496024720765
-4.0,4.5,2.375,20868.74203397528
-4.0,4.5,3.0,134277.28916136362
-4.0,5.0,0.5,784.4478134006303
-4.0,5.0,1.125,832.2068318658719
-4.0,5.0,1.75,3746.27246632096
-4.0,5.0,2.375,37162.59070684741
-4.0,5.0,3.0,240354.42594780787
-3.5,-5.0,0.5,598.3134732436595
-3.5,-5.0,1.125,598.2071843621873
-3.5,-5.0,1.75,597.6841235747568
-3.5,-5.0,2.375,596.3055370920534
-3.5,-5.0,3.0,593.9617420111487
-3.5,-4.5,0.5,521.5671895049876
-3.5,-4.5,1.125,521.5368328026473
-3.5,-4.5,1.75,521.3845905667869
-3.5,-4.5,2.375,520.9559303544263
-3.5,-4.5,3.0,520.0712547475624
-3.5,-4.0,0.5,454.17361971713626
-3.5,-4.0,1.125,454.1689005878892
-3.5,-4.0,1.75,454.14508519584797
-3.5,-4.0,2.375,454.0766302864456
-3.5,-4.0,3.0,453.9279025506321
-3.5,-3.5,0.5,396.023156925582
-3.5,-3.5,1.125,396.02303393837667
-3.5,-3.5,1.75,396.022412583773
-3.5,-3.5,2.375,396.0206200839997
-3.5,-3.5,3.0,396.01669183880307
-3.5,-3.0,0.5,346.9790386154885
-3.5,-3.0,1.125,346.9790307905268
-3.5,-3.0,1.75,346.9789912562394
-3.5,-3.0,2.375,346.97887719639436
-3.5,-3.0,3.0,346.9786271817984
-3.5,-2.5,0.5,306.87294476765237
-3.5,-2.5,1.125,306.8709054084711
-3.5,-2.5,1.75,306.86060696161667
-3.5,-2.5,2.375,306.83094247477186
-3.5,-2.5,3.0,306.7661655268229
-3.5,-2.0,0.5,275.50347409859677
-3.5,-2.0,1.125,275.4840115922753
-3.5,-2.0,1.75,275.38614449786377
-3.5,-2.0,2.375,275.1081302050778
-3.5,-2.0,3.0,274.5212882511698
-3.5,-1.5,0.5,252.64123044429613
-3.5,-1.5,1.125,252.5588980769292
-3.5,-1.5,1.75,252.15127778093643
-3.5,-1.5,2.375,251.05338825260145
-3.5,-1.5,3.0,249.0528173061163
-3.5,-1.0,0.5,238.0452573077971
-3.5,-1.0,1.125,237.80736187728428
-3.5,-1.0,1.75,236.67611815762837
-3.5,-1.0,2.375,234.07375424173483
-3.5,-1.0,3.0,231.80591217669007
-3.5,-0.5,0.5,231.493816959981
-3.5,-0.5,1.125,230.94548132464314
-3.5,-0.5,1.75,228.56141791519804
-3.5,-0.5,2.375,225.29786300081162
-3.5,-0.5,3.0,236.92582979377815
-3.5,0.0,0.5,232.8256513431496
-3.5,0.0,1.125,231.74294588902984
-3.5,0.0,1.75,227.8589740829267
-3.5,0.0,2.375,231.4954963862274
-3.5,0.0,3.0,316.58501271027376
-3.5,0.5,0.5,241.97764872654304
-3.5,0.5,1.125,240.07959722950056
-3.5,0.5,1.75,235.81386312138872
-3.5,0.5,2.375,273.32182871431144
-3.5,0.5,3.0,614.3722561832587
-3.5,1.0,0.5,259.0003403380628
-3.5,1.0,1.125,255.99791911283802
-3.5,1.0,1.75,256.21142798314725
-3.5,1.0,2.375,400.7628594099068
-3.5,1.0,3.0,1465.4903359061693
-3.5,1.5,0.5,284.0423358411039
-3.5,1.5,1.125,279.7528500715788
-3.5,1.5,1.75,297.67300260412657
-3.5,1.5,2.375,719.8350047325109
-3.5,1.5,3.0,3570.080633344191
-3.5,2.0,0.5,317.3126230308187
-3.5,2.0,1.125,311.8818302640409
-3.5,2.0,1.75,377.38997859130023
-3.5,2.0,2.375,1436.0805457807896
-3.5,2.0,3.0,8275.544645451986
-3.5,2.5,0.5,359.03934429258743
-3.5,2.5,1.125,353.3323420743557
-3.5,2.5,1.75,526.9555817948883
-3.5,2.5,2.375,2922.252645528461
-3.5,2.5,3.0,18015.682783052325
-3.5,3.0,0.5,409.43916778244557
-3.5,3.0,1.125,405.68551602017624
-3.5,3.0,1.75,801.1486496148265
-3.5,3.0,2.375,5819.874261185611
-3.5,3.0,3.0,36969.341816771834
-3.5,3.5,0.5,468.7011659398013
-3.5,3.5,1.125,471.51136930661073
-3.5,3.5,1.75,1290.7607972874578
-3.5,3.5,2.375,11187.191279754472
-3.5,3.5,3.0,72019.69942982869
-3.5,4.0,0.5,536.9822658585476
-3.5,4.0,1.125,554.8932925204456
-3.5,4.0,1.75,2140.8570230053692
-3.5,4.0,2.375,20709.549454508568
-3.5,4.0,3.0,134118.0965818969
-3.5,4.5,0.5,614.4096089789019
-3.5,4.5,1.125,662.1686274441436
-3.5,4.5,1.75,3576.234261899232
-3.5,4.5,2.375,36992.552502425686
-3.5,4.5,3.0,240184.38774338615
-3.5,5.0,0.5,701.0861822360062
-3.5,5.0,1.125,802.9466553192951
-3.5,5.0,1.75,5936.30535569656
-3.5,5.0,2.375,63963.67607324548
-3.5,5.0,3.0,415710.2370500785
-3.0,-5.0,0.5,543.6401333478733
-3.0,-5.0,1.125,543.609776645533
-3.0,-5.0,1.75,543.4575344096726
-3.0,-5.0,2.375,543.028874197312
-3.0,-5.0,3.0,542.1441985904482
-3.0,-4.5,0.5,466.5091345293481
-3.0,-4.5,1.125,466.50441540010104
-3.0,-4.5,1.75,466.4806000080598
-3.0,-4.5,2.375,466.41214509865745
-3.0,-4.5,3.0,466.26341736284394
-3.0,-4.0,0.5,398.7912123039923
-3.0,-4.0,1.125,398.791089316787
-3.0,-4.0,1.75,398.79046796218336
-3.0,-4.0,2.375,398.7886754624101
-3.0,-4.0,3.0,398.7847472172134
-3.0,-3.5,0.5,340.3790386154885
-3.0,-3.5,1.125,340.3790307905268
-3.0,-3.5,1.75,340.3789912562394
-3.0,-3.5,2.375,340.37887719639434
-3.0,-3.5,3.0,340.3786271817984
-3.0,-3.0,0.5,291.13229829370806
-3.0,-3.0,1.125,291.13025893452675
-3.0,-3.0,1.75,291.11996048767236
-3.0,-3.0,2.375,291.09029600082755
-3.0,-3.0,3.0,291.02551905287856
-3.0,-2.5,0.5,250.86858509398536
-3.0,-2.5,1.125,250.84912258766389
-3.0,-2.5,1.75,250.75125549325236
-3.0,-2.5,2.375,250.47324120046636
-3.0,-2.5,3.0,249.8863992465583
-3.0,-2.0,0.5,219.35545057466518
-3.0,-2.0,1.125,219.2731182072983
-3.0,-2.0,1.75,218.86549791130548
-3.0,-2.0,2.375,217.76760838297048
-3.0,-2.0,3.0,215.76703743648534
-3.0,-1.5,0.5,196.30896421353788
-3.0,-1.5,1.125,196.07106878302505
-3.0,-1.5,1.75,194.93982506336914
-3.0,-1.5,2.375,192.3374611474756
-3.0,-1.5,3.0,190.06961908243085
-3.0,-1.0,0.5,181.40836371850082
-3.0,-1.0,1.125,180.860028083163
-3.0,-1.0,1.75,178.4759646737179
-3.0,-1.0,2.375,175.21240975933148
-3.0,-1.0,3.0,186.84037655229804
-3.0,-0.5,0.5,174.33766655154903
-3.0,-0.5,1.125,173.25496109742932
-3.0,-0.5,1.75,169.37098929132617
-3.0,-0.5,2.375,173.00751159462686
-3.0,-0.5,3.0,258.09702791867323
-3.0,0.0,0.5,174.85483113969335
-3.0,0.0,1.125,172.95677964265087
-3.0,0.0,1.75,168.69104553453903
-3.0,0.0,2.375,206.19901112746177
-3.0,0.0,3.0,547.249438596409
-3.0,0.5,0.5,182.86386652406938
-3.0,0.5,1.125,179.86144529884464
-3.0,0.5,1.75,180.0749541691538
-3.0,0.5,2.375,324.62638559591346
-3.0,0.5,3.0,1389.3538620921759
-3.0,1.0,0.5,198.4465803921022
-3.0,1.0,1.125,194.15709462257706
-3.0,1.0,1.75,212.07724715512484
-3.0,1.0,2.375,634.2392492835093
-3.0,1.0,3.0,3484.4848778951896
-3.0,1.5,0.5,221.83086299805746
-3.0,1.5,1.125,216.40007023127959
-3.0,1.5,1.75,281.908218558539
-3.0,1.5,2.375,1340.5987857480284
-3.0,1.5,3.0,8180.062885419224
-3.0,2.0,0.5,253.31865663916383
-3.0,2.0,1.125,247.6116544209321
-3.0,2.0,1.75,421.2348941414647
-3.0,2.0,2.375,2816.5319578750377
-3.0,2.0,3.0,17909.9620953989
-3.0,2.5,0.5,293.2169710265063
-3.0,2.5,1.125,289.46331926423693
-3.0,2.5,1.75,684.9264528588872
-3.0,2.5,2.375,5703.6520644296725
-3.0,2.5,3.0,36853.119620015896
-3.0,3.0,0.5,341.79660242243136
-3.0,3.0,1.125,344.60680578924075
-3.0,3.0,1.75,1163.8562337700876
-3.0,3.0,2.375,11060.286716237102
-3.0,3.0,3.0,71892.79486631132
-3.0,3.5,0.5,399.2780344958718
-3.0,3.5,1.125,417.1890611577698
-3.0,3.5,1.75,2003.152791642693
-3.0,3.5,2.375,20571.845223145894
-3.0,3.5,3.0,133980.39235053424
-3.0,4.0,0.5,465.8337299300334
-3.0,4.0,1.125,513.5927483952751
-3.0,4.0,1.75,3427.658382850363
-3.0,4.0,2.375,36843.97662337682
-3.0,4.0,3.0,240035.81186433727
-3.0,4.5,0.5,541.5973318394551
-3.0,4.5,1.125,643.4578049227441
-3.0,4.5,1.75,5776.816505300008
-3.0,4.5,2.375,63804.18722284893
-3.0,4.5,3.0,415550.7481996819
-3.0,5.0,0.5,626.6345375582528
-3.0,5.0,1.125,821.0202487256456
-3.0,5.0,1.75,9551.740244185667
-3.0,5.0,2.375,107244.06344334802
-3.0,5.0,3.0,698103.5378619671
-2.5,-5.0,0.5,497.90845118912716
-2.5,-5.0,1.125,497.9037320598801
-2.5,-5.0,1.75,497.87991666783887
-2.5,-5.0,2.375,497.81146175843645
-2.5,-5.0,3.0,497.662734022623
-2.5,-4.5,0.5,420.3762978654212
-2.5,-4.5,1.125,420.3761748782158
-2.5,-4.5,1.75,420.3755535236122
-2.5,-4.5,2.375,420.3737610238389
-2.5,-4.5,3.0,420.36983277864226
-2.5,-4.0,0.5,352.3305343374873
-2.5,-4.0,1.125,352.3305265125256
-2.5,-4.0,1.75,352.3304869782381
-2.5,-4.0,2.375,352.3303729183931
-2.5,-4.0,3.0,352.33012290379713
-2.5,-3.5,0.5,293.6729447676524
-2.5,-3.5,1.125,293.67090540847107
-2.5,-3.5,1.75,293.6606069616167
-2.5,-3.5,2.375,293.6309424747718
-2.5,-3.5,3.0,293.56616552682283
-2.5,-3.0,0.5,244.26858509398534
-2.5,-3.0,1.125,244.24912258766386
-2.5,-3.0,1.75,244.15125549325234
-2.5,-3.0,2.375,243.8732412004664
-2.5,-3.0,3.0,243.28639924655835
-2.5,-2.5,0.5,203.93092823677455
-2.5,-2.5,1.125,203.84859586940766
-2.5,-2.5,1.75,203.44097557341487
-2.5,-2.5,2.375,202.34308604507987
-2.5,-2.5,3.0,200.34251509859473
-2.5,-2.0,0.5,172.40381002070256
-2.5,-2.0,1.125,172.16591459018971
-2.5,-2.0,1.75,171.03467087053383
-2.5,-2.0,2.375,168.4323069546403
-2.5,-2.0,3.0,166.1644648895955
-2.5,-1.5,0.5,149.34541081900835
-2.5,-1.5,1.125,148.79707518367053
-2.5,-1.5,1.75,146.41301177422542
-2.5,-1.5,2.375,143.149456859839
-2.5,-1.5,3.0,154.77742365280554
-2.5,-1.0,0.5,134.32963524505013
-2.5,-1.0,1.125,133.24692979093038
-2.5,-1.0,1.75,129.36295798482723
-2.5,-1.0,2.375,132.99948028812793
-2.5,-1.0,3.0,218.08899661217427
-2.5,-0.5,0.5,126.89331282779253
-2.5,-0.5,1.125,124.99526133075005
-2.5,-0.5,1.75,120.72952722263824
-2.5,-0.5,2.375,158.23749281556096
-2.5,-0.5,3.0,499.28792028450823
-2.5,0.0,0.5,126.6518513156699
-2.5,0.0,1.125,123.64943009044514
-2.5,0.0,1.75,123.86293896075432
-2.5,0.0,2.375,268.41437038751394
-2.5,0.0,3.0,1333.1418468837765
-2.5,0.5,0.5,133.44769773483185
-2.5,0.5,1.125,129.15821196530672
-2.5,0.5,1.75,147.0783644978545
-2.5,0.5,2.375,569.2403666262388
-2.5,0.5,3.0,3419.4859952379193
-2.5,1.0,0.5,147.42265097182434
-2.5,1.0,1.125,141.9918582050465
-2.5,1.0,1.75,207.50000653230583
-2.5,1.0,2.375,1266.190573721795
-2.5,1.0,3.0,8105.654673392992
-2.5,1.5,0.5,168.9457281603006
-2.5,1.5,1.125,163.23872594206887
-2.5,1.5,1.75,336.86196566260145
-2.5,1.5,2.375,2732.1590293961744
-2.5,1.5,3.0,17825.589166920035
-2.5,2.0,0.5,198.4649458055211
-2.5,2.0,1.125,194.71129404325177
-2.5,2.0,1.75,590.174427637902
-2.5,2.0,2.375,5608.900039208686
-2.5,2.0,3.0,36758.36759479491
-2.5,2.5,0.5,236.39203890506144
-2.5,2.5,1.125,239.20224227187086
-2.5,2.5,1.75,1058.4516702527178
-2.5,2.5,2.375,10954.882152719732
-2.5,2.5,3.0,71787.39030279395
-2.5,3.0,0.5,283.05583773993254
-2.5,3.0,1.125,300.96686440183055
-2.5,3.0,1.75,1886.9305948867539
-2.5,3.0,2.375,20455.623026389956
-2.5,3.0,3.0,133864.17015377828
-2.5,3.5,0.5,338.7017575081974
-2.5,3.5,1.125,386.460775973439
-2.5,3.5,1.75,3300.526410428527
-2.5,3.5,2.375,36716.844650954976
-2.5,3.5,3.0,239908.67989191544
-2.5,4.0,0.5,403.5090813865662
-2.5,4.0,1.125,505.3695544698552
-2.5,4.0,1.75,5638.728254847119
-2.5,4.0,2.375,63666.098972396045
-2.5,4.0,3.0,415412.65994922904
-2.5,4.5,0.5,477.5708002279273
-2.5,4.5,1.125,671.9565113953203
-2.5,4.5,1.75,9402.676506855343
-2.5,4.5,2.375,107094.99970601768
-2.5,4.5,3.0,697954.4741246369
-2.5,5.0,0.5,560.1109275498217
-2.5,5.0,1.125,906.105098621872
-2.5,5.0,1.75,15317.185540374867
-2.5,5.0,2.375,175381.48862909304
-2.5,5.0,3.0,1141885.0373079618
-2.0,-5.0,0.5,460.99918010779345
-2.0,-5.0,1.125,460.9990571205881
-2.0,-5.0,1.75,460.9984357659845
-2.0,-5.0,2.375,460.99664326621115
-2.0,-5.0,3.0,460.99271502101453
-2.0,-4.5,0.5,383.02598012856913
-2.0,-4.5,1.125,383.02597230360743
-2.0,-4.5,1.75,383.02593276932004
-2.0,-4.5,2.375,383.02581870947506
-2.0,-4.5,3.0,383.0255686948791
-2.0,-4.0,0.5,314.621178427
-2.0,-4.0,1.125,314.61913906781876
-2.0,-4.0,1.75,314.6088406209643
-2.0,-4.0,2.375,314.5791761341195
-2.0,-4.0,3.0,314.5143991861705
-2.0,-3.5,0.5,255.70347409859676
-2.0,-3.5,1.125,255.68401159227528
-2.0,-3.5,1.75,255.58614449786376
-2.0,-3.5,2.375,255.30813020507776
-2.0,-3.5,3.0,254.7212882511697
-2.0,-3.0,0.5,206.15545057466517
-2.0,-3.0,1.125,206.07311820729825
-2.0,-3.0,1.75,205.66549791130547
-2.0,-3.0,2.375,204.56760838297046
-2.0,-3.0,3.0,202.56703743648532
-2.0,-2.5,0.5,165.80381002070254
-2.0,-2.5,1.125,165.56591459018972
-2.0,-2.5,1.75,164.43467087053384
-2.0,-2.5,2.375,161.83230695464027
-2.0,-2.5,3.0,159.5644648895955
-2.0,-2.0,0.5,134.38925344261102
-2.0,-2.0,1.125,133.84091780727317
-2.0,-2.0,1.75,131.45685439782807
-2.0,-2.0,2.375,128.19329948344165
-2.0,-2.0,3.0,139.82126627640818
-2.0,-1.5,0.5,111.52565134314955
-2.0,-1.5,1.125,110.44294588902982
-2.0,-1.5,1.75,106.55897408292667
-2.0,-1.5,2.375,110.19549638622736
-2.0,-1.5,3.0,195.2850127102737
-2.0,-1.0,0.5,96.6629617584491
-2.0,-1.0,1.125,94.76491026140663
-2.0,-1.0,1.75,90.4991761532948
-2.0,-1.0,2.375,128.00714174621754
-2.0,-1.0,3.0,469.05756921516485
-2.0,-0.5,0.5,89.10914896342706
-2.0,-0.5,1.125,86.10672773820231
-2.0,-0.5,1.75,86.3202366085115
-2.0,-0.5,2.375,230.87166803527109
-2.0,-0.5,3.0,1295.5991445315335
-2.0,0.0,0.5,88.20921604673265
-2.0,0.0,1.125,83.9197302772075
-2.0,0.0,1.75,101.8398828097553
-2.0,0.0,2.375,524.0018849381396
-2.0,0.0,3.0,3374.24751354982
-2.0,0.5,0.5,93.67596471768094
-2.0,0.5,1.125,88.24517195090309
-2.0,0.5,1.75,153.75332027816245
-2.0,0.5,2.375,1212.4438874676518
-2.0,0.5,3.0,8051.907987138848
-2.0,1.0,0.5,105.77944733317929
-2.0,1.0,1.125,100.07244511494757
-2.0,1.0,1.75,273.69568483548017
-2.0,1.0,2.375,2668.992748569053
-2.0,1.0,3.0,17762.422886092918
-2.0,1.5,0.5,125.15790407022274
-2.0,1.5,1.125,121.4042523079534
-2.0,1.5,1.75,516.8673859026036
-2.0,1.5,2.375,5535.592997473389
-2.0,1.5,3.0,36685.06055305961
-2.0,2.0,0.5,152.48747538769152
-2.0,2.0,1.125,155.29767875450094
-2.0,2.0,1.75,974.5471067353478
-2.0,2.0,2.375,10870.97758920236
-2.0,2.0,3.0,71703.48573927658
-2.0,2.5,0.5,188.30381251894732
-2.0,2.5,1.125,206.21483918084533
-2.0,2.5,1.75,1792.178569665769
-2.0,2.5,2.375,20360.87100116897
-2.0,2.5,3.0,133769.4181285573
-2.0,3.0,0.5,232.98106985477375
-2.0,3.0,1.125,280.7400883200154
-2.0,3.0,1.75,3194.8057227751037
-2.0,3.0,2.375,36611.12396330155
-2.0,3.0,3.0,239802.95920426204
-2.0,3.5,0.5,286.77027791323957
-2.0,3.5,1.125,388.63075099652855
-2.0,3.5,1.75,5521.989451373794
-2.0,3.5,2.375,63549.360168922714
-2.0,3.5,3.0,415295.9211457557
-2.0,4.0,0.5,349.8019759040101
-2.0,4.0,1.125,544.187687071403
-2.0,4.0,1.75,9274.907682531426
-2.0,4.0,2.375,106967.23088169377
-2.0,4.0,3.0,697826.705300313
-2.0,4.5,0.5,421.3188062282356
-2.0,4.5,1.125,767.3129773002861
-2.0,4.5,1.75,15178.39341905328
-2.0,4.5,2.375,175242.69650777144
-2.0,4.5,3.0,1141746.2451866404
-2.0,5.0,0.5,501.05861958138007
-2.0,5.0,1.125,1087.3014532843613
-2.0,5.0,1.75,24265.164501079464
-2.0,5.0,2.375,280295.127271938
-2.0,5.0,3.0,1824361.1709311688
-1.5,-5.0,0.5,432.79356040574555
-1.5,-5.0,1.125,432.79355258078385
-1.5,-5.0,1.75,432.79351304649646
-1.5,-5.0,2.375,432.7933989866514
-1.5,-5.0,3.0,432.79314897205546
-1.5,-4.5,0.5,354.3109637075428
-1.5,-4.5,1.125,354.3089243483615
-1.5,-4.5,1.75,354.2986259015071
-1.5,-4.5,2.375,354.2689614146623
-1.5,-4.5,3.0,354.2041844667133
-1.5,-4.0,0.5,285.4794666395858
-1.5,-4.0,1.125,285.4600041332643
-1.5,-4.0,1.75,285.3621370388528
-1.5,-4.0,2.375,285.0841227460668
-1.5,-4.0,3.0,284.49728079215873
-1.5,-3.5,0.5,226.2412304442961
-1.5,-3.5,1.125,226.15889807692918
-1.5,-3.5,1.75,225.7512777809364
-1.5,-3.5,2.375,224.65338825260142
-1.5,-3.5,3.0,222.65281730611628
-1.5,-3.0,0.5,176.50896421353787
-1.5,-3.0,1.125,176.27106878302502
-1.5,-3.0,1.75,175.13982506336913
-1.5,-3.0,2.375,172.5374611474756
-1.5,-3.0,3.0,170.2696190824308
-1.5,-2.5,0.5,136.14541081900836
-1.5,-2.5,1.125,135.5970751836705
-1.5,-2.5,1.75,133.21301177422538
-1.5,-2.5,2.375,129.949456859839
-1.5,-2.5,3.0,141.57742365280552
-1.5,-2.0,0.5,104.92565134314954
-1.5,-2.0,1.125,103.8429458890298
-1.5,-2.0,1.75,99.95897408292666
-1.5,-2.0,2.375,103.59549638622735
-1.5,-2.0,3.0,188.68501271027367
-1.5,-1.5,0.5,82.46852169180312
-1.5,-1.5,1.125,80.57047019476065
-1.5,-1.5,1.75,76.30473608664883
-1.5,-1.5,2.375,113.81270167957155
-1.5,-1.5,3.0,454.86312914851885
-1.5,-1.0,0.5,68.12552127804004
-1.5,-1.0,1.125,65.12310005281529
-1.5,-1.0,1.75,65.33660892312446
-1.5,-1.0,2.375,209.88804034988405
-1.5,-1.0,3.0,1274.6155168461466
-1.5,-0.5,0.5,60.87789821941742
-1.5,-0.5,1.125,56.58841244989228
-1.5,-0.5,1.75,74.50856498244005
-1.5,-0.5,2.375,496.67056711082444
-1.5,-0.5,3.0,3346.9161957225047
-1.5,0.0,0.5,59.518667069923765
-1.5,0.0,1.125,54.08787430314591
-1.5,0.0,1.75,119.59602263040527
-1.5,0.0,2.375,1178.2865898198945
-1.5,0.0,3.0,8017.75068949109
-1.5,0.5,0.5,63.43999888710828
-1.5,0.5,1.125,57.73299666887656
-1.5,0.5,1.75,231.35623638940913
-1.5,0.5,2.375,2626.653300122982
-1.5,0.5,3.0,17720.083437646845
-1.5,1.0,0.5,73.2315740325929
-1.5,1.0,1.125,69.47792227032355
-1.5,1.0,1.75,464.9410558649737
-1.5,1.0,2.375,5483.666667435758
-1.5,1.0,3.0,36633.13422302198
-1.5,1.5,0.5,90.08291187032155
-1.5,1.5,1.125,92.89311523713097
-1.5,1.5,1.75,912.142543217978
-1.5,1.5,2.375,10808.573025684991
-1.5,1.5,3.0,71641.08117575922
-1.5,2.0,0.5,114.99677078364897
-1.5,2.0,1.125,132.90779744554698
-1.5,2.0,1.75,1718.8715279304704
-1.5,2.0,2.375,20287.56395943367
-1.5,2.0,3.0,133696.111086822
-1.5,2.5,0.5,148.60814137591055
-1.5,2.5,1.125,196.3671598411522
-1.5,2.5,1.75,3110.4327942962404
-1.5,2.5,2.375,36526.75103482269
-1.5,2.5,3.0,239718.58627578316
-1.5,3.0,0.5,191.28851788047828
-1.5,3.0,1.125,293.1489909637673
-1.5,3.0,1.75,5426.507691341031
-1.5,3.0,2.375,63453.878408889956
-1.5,3.0,3.0,415200.439385723
-1.5,3.5,0.5,243.21883446086974
-1.5,3.5,1.125,437.6045456282627
-1.5,3.5,1.75,9168.324541088285
-1.5,3.5,2.375,106860.64774025063
-1.5,3.5,3.0,697720.1221588698
-1.5,4.0,0.5,303.660549504816
-1.5,4.0,1.125,649.6547205768666
-1.5,4.0,1.75,15060.73516232986
-1.5,4.0,2.375,175125.03825104804
-1.5,4.0,3.0,1141628.5869299169
-1.5,4.5,0.5,372.35669829563335
-1.5,4.5,1.125,958.5995319986147
-1.5,4.5,1.75,24136.46257979372
-1.5,4.5,2.375,280166.42535065225
-1.5,4.5,3.0,1824232.469009883
-1.5,5.0,0.5,449.39686246398605
-1.5,5.0,1.125,1406.1309894809724
-1.5,5.0,1.75,37844.216291997574
-1.5,5.0,2.375,438691.5479315619
-1.5,5.0,3.0,2853870.8089140495
-1.0,-5.0,0.5,413.18188056568687
-1.0,-5.0,1.125,413.17984120650556
-1.0,-5.0,1.75,413.16954275965116
-1.0,-5.0,2.375,413.1398782728063
-1.0,-5.0,3.0,413.0751013248573
-1.0,-4.5,0.5,334.0907818499246
-1.0,-4.5,1.125,334.07131934360314
-1.0,-4.5,1.75,333.9734522491916
-1.0,-4.5,2.375,333.69543795640567
-1.0,-4.5,3.0,333.1085960024976
-1.0,-4.0,0.5,264.72270594543915
-1.0,-4.0,1.125,264.6403735780723
-1.0,-4.0,1.75,264.23275328207944
-1.0,-4.0,2.375,263.13486375374447
-1.0,-4.0,3.0,261.1342928072593
-1.0,-3.5,0.5,205.04525730779704
-1.0,-3.5,1.125,204.80736187728422
-1.0,-3.5,1.75,203.67611815762834
-1.0,-3.5,2.375,201.07375424173478
-1.0,-3.5,3.0,198.80591217669001
-1.0,-3.0,0.5,155.0083637185008
-1.0,-3.0,1.125,154.46002808316297
-1.0,-3.0,1.75,152.07596467371786
-1.0,-3.0,2.375,148.81240975933144
-1.0,-3.0,3.0,160.44037655229798
-1.0,-2.5,0.5,114.52963524505009
-1.0,-2.5,1.125,113.44692979093035
-1.0,-2.5,1.75,109.56295798482721
-1.0,-2.5,2.375,113.1994802881279
-1.0,-2.5,3.0,198.28899661217423
-1.0,-2.0,0.5,83.46296175844908
-1.0,-2.0,1.125,81.56491026140661
-1.0,-2.0,1.75,77.29917615329478
-1.0,-2.0,2.375,114.80714174621751
-1.0,-2.0,3.0,455.8575692151648
-1.0,-1.5,0.5,61.52552127804003
-1.0,-1.5,1.125,58.52310005281527
-1.0,-1.5,1.75,58.73660892312446
-1.0,-1.5,2.375,203.28804034988406
-1.0,-1.5,3.0,1268.0155168461465
-1.0,-1.0,0.5,48.11834308147251
-1.0,-1.0,1.125,43.828857311947374
-1.0,-1.0,1.75,61.749009844495156
-1.0,-1.0,2.375,483.9110119728795
-1.0,-1.0,3.0,3334.1566405845597
-1.0,-0.5,0.5,41.92273237930165
-1.0,-0.5,1.125,36.4919396125238
-1.0,-0.5,1.75,102.00008793978316
-1.0,-0.5,2.375,1160.6906551292725
-1.0,-0.5,3.0,8000.154754800468
-1.0,0.0,0.5,40.57131671442348
-1.0,0.0,1.125,34.86431449619176
-1.0,0.0,1.75,208.48755421672433
-1.0,0.0,2.375,2603.784617950297
-1.0,0.0,3.0,17697.21475547416
-1.0,0.5,0.5,42.46196937960063
-1.0,0.5,1.125,38.70831761733129
-1.0,0.5,1.75,434.17145121198143
-1.0,0.5,2.375,5452.897062782766
-1.0,0.5,3.0,36602.364618368985
-1.0,1.0,0.5,49.178348352951616
-1.0,1.0,1.125,51.988551719761034
-1.0,1.0,1.75,871.237979700608
-1.0,1.0,2.375,10767.668462167623
-1.0,1.0,3.0,71600.17661224183
-1.0,1.5,0.5,63.07044074601912
-1.0,1.5,1.125,80.98146740791714
-1.0,1.5,1.75,1666.9451978928407
-1.0,1.5,2.375,20235.63762939604
-1.0,1.5,3.0,133644.18475678438
-1.0,2.0,0.5,85.44186054878922
-1.0,2.0,1.125,133.20087901403087
-1.0,2.0,1.75,3047.266513469119
-1.0,2.0,2.375,36463.58475399557
-1.0,2.0,3.0,239655.41999495603
-1.0,2.5,0.5,116.88030585424515
-1.0,2.5,1.125,218.74077893753415
-1.0,2.5,1.75,5352.099479314799
-1.0,2.5,2.375,63379.47019686372
-1.0,2.5,3.0,415126.03117369674
-1.0,3.0,0.5,157.62307901186807
-1.0,3.0,1.125,352.00879017926104
-1.0,3.0,1.75,9082.728785639283
-1.0,3.0,2.375,106775.05198480163
-1.0,3.0,3.0,697634.5264034207
-1.0,3.5,0.5,206.93909002532496
-1.0,3.5,1.125,552.9332610973754
-1.0,3.5,1.75,14964.01370285037
-1.0,3.5,2.375,175028.31679156853
-1.0,3.5,3.0,1141531.8654704376
-1.0,4.0,0.5,264.56524707309336
-1.0,4.0,1.125,850.8080807760746
-1.0,4.0,1.75,24028.67112857118
-1.0,4.0,2.375,280058.6338994297
-1.0,4.0,3.0,1824124.6775586605
-1.0,4.5,0.5,330.58234067372894
-1.0,4.5,1.125,1287.3164676907154
-1.0,4.5,1.75,37725.40177020732
-1.0,4.5,2.375,438572.7334097716
-1.0,4.5,3.0,2853751.9943922595
-1.0,5.0,0.5,405.07555050582687
-1.0,5.0,1.125,1920.2714939585392
-1.0,5.0,1.75,58058.81991010639
-1.0,5.0,2.375,673678.9892672218
-1.0,5.0,3.0,4380250.305056175
-0.5,-5.0,0.5,402.07372834728955
-0.5,-5.0,1.125,402.05426584096807
-0.5,-5.0,1.75,401.95639874655654
-0.5,-5.0,2.375,401.6783844537706
-0.5,-5.0,3.0,401.0915424998625
-0.5,-4.5,0.5,322.2465650005354
-0.5,-4.5,1.125,322.16423263316847
-0.5,-4.5,1.75,321.7566123371757
-0.5,-4.5,2.375,320.6587228088407
-0.5,-4.5,3.0,318.65815186235557
-0.5,-4.0,0.5,252.1907242462991
-0.5,-4.0,1.125,251.95282881578623
-0.5,-4.0,1.75,250.82158509613038
-0.5,-4.0,2.375,248.21922118023684
-0.5,-4.0,3.0,245.95137911519203
-0.5,-3.5,0.5,191.89381695998094
-0.5,-3.5,1.125,191.3454813246431
-0.5,-3.5,1.75,188.96141791519796
-0.5,-3.5,2.375,185.69786300081157
-0.5,-3.5,3.0,197.3258297937781
-0.5,-3.0,0.5,141.337666551549
-0.5,-3.0,1.125,140.25496109742926
-0.5,-3.0,1.75,136.3709892913261
-0.5,-3.0,2.375,140.0075115946268
-0.5,-3.0,3.0,225.09702791867315
-0.5,-2.5,0.5,100.4933128277925
-0.5,-2.5,1.125,98.59526133075002
-0.5,-2.5,1.75,94.32952722263819
-0.5,-2.5,2.375,131.83749281556092
-0.5,-2.5,3.0,472.8879202845082
-0.5,-2.0,0.5,69.30914896342703
-0.5,-2.0,1.125,66.30672773820228
-0.5,-2.0,1.75,66.52023660851147
-0.5,-2.0,2.375,211.07166803527105
-0.5,-2.0,3.0,1275.7991445315336
-0.5,-1.5,0.5,47.6778982194174
-0.5,-1.5,1.125,43.388412449892265
-0.5,-1.5,1.75,61.308564982440046
-0.5,-1.5,2.375,483.4705671108244
-0.5,-1.5,3.0,3333.716195722505
-0.5,-1.0,0.5,35.32273237930164
-0.5,-1.0,1.125,29.89193961252379
-0.5,-1.0,1.75,95.40008793978315
-0.5,-1.0,2.375,1154.0906551292724
-0.5,-1.0,3.0,7993.554754800468
-0.5,-0.5,0.5,31.275880231793415
-0.5,-0.5,1.125,25.568878013561694
-0.5,-0.5,1.75,199.1921177340943
-0.5,-0.5,2.375,2594.489181467667
-0.5,-0.5,3.0,17687.919318991528
-0.5,0.0,0.5,31.35790407022273
-0.5,0.0,1.125,27.604252307953384
-0.5,0.0,1.75,423.0673859026036
-0.5,0.0,2.375,5441.792997473389
-0.5,0.0,3.0,36591.26055305961
-0.5,0.5,0.5,29.773784835581665
-0.5,0.5,1.125,32.58398820239108
-0.5,0.5,1.75,851.833416183238
-0.5,0.5,2.375,10748.263898650252
-0.5,0.5,3.0,71580.77204872448
-0.5,1.0,0.5,32.30083609302686
-0.5,1.0,1.125,50.211862754924866
-0.5,1.0,1.75,1636.1755932398482
-0.5,1.0,2.375,20204.86802474305
-0.5,1.0,3.0,133613.4151521314
-0.5,1.5,0.5,43.10241210271822
-0.5,1.5,1.125,90.86143056795984
-0.5,1.5,1.75,3004.927065023048
-0.5,1.5,2.375,36421.2453055495
-0.5,1.5,3.0,239613.08054650997
-0.5,2.0,0.5,63.13361960010177
-0.5,2.0,1.125,164.99409268339076
-0.5,2.0,1.75,5298.352793060655
-0.5,2.0,2.375,63325.723510609576
-0.5,2.0,3.0,415072.2844874426
-0.5,2.5,0.5,92.62419635459769
-0.5,2.5,1.125,287.00990752199067
-0.5,2.5,1.75,9017.729902982013
-0.5,2.5,2.375,106710.05310214436
-0.5,2.5,3.0,697569.5275207635
-0.5,3.0,0.5,130.80261621133155
-0.5,3.0,1.125,476.79678728338206
-0.5,3.0,1.75,14887.877229036376
-0.5,3.0,2.375,174952.18031775454
-0.5,3.0,3.0,1141455.7289966235
-0.5,3.5,0.5,177.37346936442873
-0.5,3.5,1.125,763.61630306741
-0.5,3.5,1.75,23941.479350862515
-0.5,3.5,2.375,279971.44212172105
-0.5,3.5,3.0,1824037.4857809518
-0.5,4.0,0.5,232.39503292240104
-0.5,4.0,1.125,1189.1291599393876
-0.5,4.0,1.75,37627.21446245599
-0.5,4.0,2.375,438474.54610202025
-0.5,4.0,3.0,2853653.8070845082
-0.5,4.5,0.5,295.93704148023903
-0.5,4.5,1.125,1811.1329849329513
-0.5,4.5,1.75,57949.6814010808
-0.5,4.5,2.375,673569.8507581962
-0.5,4.5,3.0,4380141.166547149
-0.5,5.0,0.5,368.0933244418361
-0.5,5.0,1.125,2708.8241046153857
-0.5,5.0,1.75,87649.83960945478
-0.5,5.0,2.375,1016844.1932084281
-0.5,5.0,3.0,6608294.570004603
0.0,-5.0,0.5,399.40811064992477
0.0,-5.0,1.125,399.32577828255785
0.0,-5.0,1.75,398.91815798656506
0.0,-5.0,2.375,397.8202684582301
0.0,-5.0,3.0,395.81969751174495
0.0,-4.5,0.5,318.6967682854042
0.0,-4.5,1.125,318.4588728548913
0.0,-4.5,1.75,317.32762913523544
0.0,-4.5,2.375,314.7252652193419
0.0,-4.5,3.0,312.4574231542971
0.0,-4.0,0.5,247.77099937313122
0.0,-4.0,1.125,247.2226637377934
0.0,-4.0,1.75,244.83860032834826
0.0,-4.0,2.375,241.57504541396187
0.0,-4.0,3.0,253.2030122069284
0.0,-3.5,0.5,186.6256513431495
0.0,-3.5,1.125,185.5429458890298
0.0,-3.5,1.75,181.65897408292665
0.0,-3.5,2.375,185.29549638622734
0.0,-3.5,3.0,270.38501271027366
0.0,-3.0,0.5,135.2548311396933
0.0,-3.0,1.125,133.3567796426508
0.0,-3.0,1.75,129.09104553453898
0.0,-3.0,2.375,166.59901112746172
0.0,-3.0,3.0,507.649438596409
0.0,-2.5,0.5,93.65185131566984
0.0,-2.5,1.125,90.6494300904451
0.0,-2.5,1.75,90.86293896075428
0.0,-2.5,2.375,235.41437038751388
0.0,-2.5,3.0,1300.1418468837765
0.0,-2.0,0.5,61.80921604673261
0.0,-2.0,1.125,57.51973027720747
0.0,-2.0,1.75,75.43988280975525
0.0,-2.0,2.375,497.60188493813956
0.0,-2.0,3.0,3347.8475135498197
0.0,-1.5,0.5,39.71866706992374
0.0,-1.5,1.125,34.28787430314589
0.0,-1.5,1.75,99.79602263040525
0.0,-1.5,2.375,1158.4865898198946
0.0,-1.5,3.0,7997.950689491091
0.0,-1.0,0.5,27.371316714423465
0.0,-1.0,1.125,21.664314496191743
0.0,-1.0,1.75,195.28755421672432
0.0,-1.0,2.375,2590.5846179502973
0.0,-1.0,3.0,17684.01475547416
0.0,-0.5,0.5,24.75790407022272
0.0,-0.5,1.125,21.004252307953376
0.0,-0.5,1.75,416.46738590260355
0.0,-0.5,2.375,5435.1929974733885
0.0,-0.5,3.0,36584.66055305961
0.0,0.0,0.5,31.869193818224215
0.0,0.0,1.125,34.67939718503363
0.0,0.0,1.75,853.9288251658805
0.0,0.0,2.375,10750.359307632894
0.0,0.0,3.0,71582.8674577071
0.0,0.5,0.5,21.196770783648955
0.0,0.5,1.125,39.107797445546964
0.0,0.5,1.75,1625.0715279304704
0.0,0.5,2.375,20193.763959433672
0.0,0.5,3.0,133602.311086822
0.0,1.0,0.5,20.233729930033423
0.0,1.0,1.125,67.99274839527506
0.0,1.0,1.75,2982.058382850363
0.0,1.0,2.375,36398.37662337681
0.0,1.0,3.0,239590.21186433727
0.0,1.5,0.5,28.976321952344588
0.0,1.5,1.125,130.83679503563357
0.0,1.5,1.75,5264.195495412898
0.0,1.5,2.375,63291.56621296182
0.0,1.5,3.0,415038.12718979485
0.0,2.0,0.5,47.38571466649848
0.0,2.0,1.125,241.77142583389147
0.0,2.0,1.75,8972.491421293915
0.0,2.0,2.375,106664.81462045625
0.0,2.0,3.0,697524.2890390754
0.0,2.5,0.5,74.59060100293206
0.0,2.5,1.125,420.58477207498254
0.0,2.5,1.75,14831.665213827977
0.0,2.5,2.375,174895.96830254616
0.0,2.5,3.0,1141399.516981415
0.0,3.0,0.5,110.25065177757901
0.0,3.0,1.125,696.4934854805603
0.0,3.0,1.75,23874.356533275666
0.0,3.0,2.375,279904.3193041342
0.0,3.0,3.0,1823970.362963365
0.0,3.5,0.5,154.4010769615061
0.0,3.5,1.125,1111.1352039784927
0.0,3.5,1.75,37549.22050649509
0.0,3.5,2.375,438396.5521460594
0.0,3.5,3.0,2853575.8131285473
0.0,4.0,0.5,207.09858712962847
0.0,4.0,1.125,1722.2945305823407
0.0,4.0,1.75,57860.84294673019
0.0,4.0,2.375,673481.0123038455
0.0,4.0,3.0,4380052.3280927995
0.0,4.5,0.5,268.42911423224837
0.0,4.5,1.125,2609.159894405798
0.0,4.5,1.75,87550.17539924518
0.0,4.5,2.375,1016744.5289982186
0.0,4.5,3.0,6608194.905794393
0.0,5.0,0.5,338.5177328369758
0.0,5.0,1.125,3879.042675973125
0.0,5.0,1.75,130325.12141459787
0.0,5.0,2.375,1510906.4176300783
0.0,5.0,3.0,9814959.064651195
0.5,-5.0,0.5,405.1609784949919
0.5,-5.0,1.125,404.9230830644791
0.5,-5.0,1.75,403.7918393448232
0.5,-5.0,2.375,401.18947542892965
0.5,-5.0,3.0,398.9216333638849
0.5,-4.5,0.5,323.40945372374176
0.5,-4.5,1.125,322.86111808840394
0.5,-4.5,1.75,320.4770546789588
0.5,-4.5,2.375,317.21349976457236
0.5,-4.5,3.0,328.8414665575389
0.5,-4.0,0.5,251.41960730404446
0.5,-4.0,1.125,250.3369018499247
0.5,-4.0,1.75,246.45293004382154
0.5,-4.0,2.375,250.08945234712223
0.5,-4.0,3.0,335.1789686711686
0.5,-3.5,0.5,189.17764872654297
0.5,-3.5,1.125,187.2795972295005
0.5,-3.5,1.75,183.01386312138868
0.5,-3.5,2.375,220.5218287143114
0.5,-3.5,3.0,561.5722561832587
0.5,-3.0,0.5,136.66386652406933
0.5,-3.0,1.125,133.66144529884457
0.5,-3.0,1.75,133.87495416915374
0.5,-3.0,2.375,278.4263855959133
0.5,-3.0,3.0,1343.1538620921758
0.5,-2.5,0.5,93.8476977348318
0.5,-2.5,1.125,89.55821196530667
0.5,-2.5,1.75,107.47836449785444
0.5,-2.5,2.375,529.6403666262388
0.5,-2.5,3.0,3379.885995237919
0.5,-2.0,0.5,60.6759647176809
0.5,-2.0,1.125,55.24517195090305
0.5,-2.0,1.75,120.7533202781624
0.5,-2.0,2.375,1179.4438874676518
0.5,-2.0,3.0,8018.907987138848
0.5,-1.5,0.5,37.03999888710824
0.5,-1.5,1.125,31.33299666887652
0.5,-1.5,1.75,204.9562363894091
0.5,-1.5,2.375,2600.2533001229817
0.5,-1.5,3.0,17693.683437646847
0.5,-1.0,0.5,22.661969379600606
0.5,-1.0,1.125,18.90831761733126
0.5,-1.0,1.75,414.3714512119814
0.5,-1.0,2.375,5433.097062782766
0.5,-1.0,3.0,36582.56461836898
0.5,-0.5,0.5,16.573784835581648
0.5,-0.5,1.125,19.383988202391063
0.5,-0.5,1.75,838.6334161832381
0.5,-0.5,2.375,10735.06389865025
0.5,-0.5,3.0,71567.57204872448
0.5,0.0,0.5,14.596770783648948
0.5,0.0,1.125,32.507797445546956
0.5,0.0,1.75,1618.4715279304703
0.5,0.0,2.375,20187.16395943367
0.5,0.0,3.0,133595.711086822
0.5,0.5,0.5,10.938293447403357
0.5,0.5,1.125,58.697311912645
0.5,0.5,1.75,2972.762946367733
0.5,0.5,2.375,36389.08118689418
0.5,0.5,3.0,239580.91642785465
0.5,1.0,0.5,11.380387261722472
0.5,1.0,1.125,113.24086034501147
0.5,1.0,1.75,5246.599560722276
0.5,1.0,2.375,63273.9702782712
0.5,1.0,3.0,415020.5312551042
0.5,1.5,0.5,20.05439683918325
0.5,1.5,1.125,214.44010800657622
0.5,1.5,1.75,8945.1601034666
0.5,1.5,2.375,106637.48330262894
0.5,1.5,3.0,697496.957721248
0.5,2.0,0.5,37.04789865068924
0.5,2.0,1.125,383.04206972273965
0.5,2.0,1.75,14794.122511475734
0.5,2.0,2.375,174858.4256001939
0.5,2.0,3.0,1141361.9742790628
0.5,2.5,0.5,62.289133465678205
0.5,2.5,1.125,648.5319671686594
0.5,2.5,1.75,23826.395014963764
0.5,2.5,2.375,279856.3577858223
0.5,2.5,3.0,1823922.401445053
0.5,3.0,0.5,95.91309216990555
0.5,3.0,1.125,1052.647219186892
0.5,3.0,1.75,37490.73252170349
0.5,3.0,2.375,438338.0641612678
0.5,3.0,3.0,2853517.3251437554
0.5,3.5,0.5,138.02140471647814
0.5,3.5,1.125,1653.2173481691905
0.5,3.5,1.75,57791.76576431704
0.5,3.5,2.375,673411.9351214324
0.5,3.5,3.0,4379983.2509103855
0.5,4.0,0.5,188.72307019314326
0.5,4.0,1.125,2529.4538503666927
0.5,4.0,1.75,87470.46935520609
0.5,4.0,2.375,1016664.8229541795
0.5,4.0,3.0,6608115.199750354
0.5,4.5,0.5,248.15618718758645
0.5,4.5,1.125,3788.6811303237355
0.5,4.5,1.75,130234.75986894849
0.5,4.5,2.375,1510816.056084429
0.5,4.5,3.0,9814868.703105547
0.5,5.0,0.5,316.5055328182941
0.5,5.0,1.125,5574.879793699631
0.5,5.0,1.75,191052.47901149275
0.5,5.0,2.375,2213089.497539643
0.5,5.0,3.0,14371215.744958585
1.0,-5.0,0.5,419.3479627493296
1.0,-5.0,1.125,418.7996271139918
1.0,-5.0,1.75,416.4155637045467
1.0,-5.0,2.375,413.15200879016027
1.0,-5.0,3.0,424.77997558312677
1.0,-4.5,0.5,336.40691505537234
1.0,-4.5,1.125,335.3242096012526
1.0,-4.5,1.75,331.4402377951494
1.0,-4.5,2.375,335.0767600984501
1.0,-4.5,3.0,420.1662764224965
1.0,-4.0,0.5,263.1694264352076
1.0,-4.0,1.125,261.27137493816514
1.0,-4.0,1.75,257.00564083005327
1.0,-4.0,2.375,294.513606422976
1.0,-4.0,3.0,635.5640338919233
1.0,-3.5,0.5,199.60034033806272
1.0,-3.5,1.125,196.59791911283796
1.0,-3.5,1.75,196.81142798314715
1.0,-3.5,2.375,341.3628594099068
1.0,-3.5,3.0,1406.0903359061692
1.0,-3.0,0.5,145.64658039210218
1.0,-3.0,1.125,141.35709462257702
1.0,-3.0,1.75,159.27724715512483
1.0,-3.0,2.375,581.4392492835092
1.0,-3.0,3.0,3431.6848778951894
1.0,-2.5,0.5,101.22265097182427
1.0,-2.5,1.125,95.79185820504641
1.0,-2.5,1.75,161.3000065323058
1.0,-2.5,2.375,1219.990573721795
1.0,-2.5,3.0,8059.454673392991
1.0,-2.0,0.5,66.17944733317924
1.0,-2.0,1.125,60.47244511494751
1.0,-2.0,1.75,234.09568483548009
1.0,-2.0,2.375,2629.392748569053
1.0,-2.0,3.0,17722.822886092916
1.0,-1.5,0.5,40.23157403259285
1.0,-1.5,1.125,36.47792227032351
1.0,-1.5,1.75,431.94105586497363
1.0,-1.5,2.375,5450.666667435758
1.0,-1.5,3.0,36600.13422302198
1.0,-1.0,0.5,22.778348352951582
1.0,-1.0,1.125,25.588551719760996
1.0,-1.0,1.75,844.837979700608
1.0,-1.0,2.375,10741.268462167622
1.0,-1.0,3.0,71573.77661224184
1.0,-0.5,0.5,12.500836093026829
1.0,-0.5,1.125,30.411862754924837
1.0,-0.5,1.75,1616.3755932398483
1.0,-0.5,2.375,20185.06802474305
1.0,-0.5,3.0,133593.6151521314
1.0,0.0,0.5,7.033729930033405
1.0,0.0,1.125,54.79274839527505
1.0,0.0,1.75,2968.8583828503633
1.0,0.0,2.375,36385.176623376814
1.0,0.0,3.0,239577.01186433728
1.0,0.5,0.5,4.780387261722464
1.0,0.5,1.125,106.64086034501146
1.0,0.5,1.75,5239.999560722275
1.0,0.5,2.375,63267.3702782712
1.0,0.5,3.0,415013.9312551042
1.0,1.0,0.5,7.294841701238345
1.0,1.0,1.125,201.68055286863134
1.0,1.0,1.75,8932.400548328655
1.0,1.0,2.375,106624.72374749099
1.0,1.0,3.0,697484.1981661102
1.0,1.5,0.5,16.064270965302214
1.0,1.5,1.125,362.0584420373527
1.0,1.5,1.75,14773.138883790347
1.0,1.5,2.375,174837.4419725085
1.0,1.5,3.0,1141340.9906513775
1.0,2.0,0.5,32.05878239633478
1.0,2.0,1.125,618.301616099316
1.0,2.0,1.75,23796.164663894422
1.0,2.0,2.375,279826.127434753
1.0,2.0,3.0,1823892.1710939838
1.0,2.5,0.5,55.90506086340663
1.0,2.5,1.125,1012.6391878803931
1.0,2.5,1.75,37450.72449039699
1.0,2.5,2.375,438298.0561299613
1.0,2.5,3.0,2853477.317112449
1.0,3.0,0.5,87.935951474998
1.0,3.0,1.125,1603.1318949277104
1.0,3.0,1.75,57741.680311075565
1.0,3.0,2.375,673361.8496681909
1.0,3.0,3.0,4379933.165457144
1.0,3.5,0.5,128.3776032546412
1.0,3.5,1.125,2469.108383428191
1.0,3.5,1.75,87410.12388826758
1.0,3.5,2.375,1016604.477487241
1.0,3.5,3.0,6608054.854283416
1.0,4.0,0.5,177.43232813249023
1.0,4.0,1.125,3717.9572712686395
1.0,4.0,1.75,130164.03600989339
1.0,4.0,2.375,1510745.332225374
1.0,4.0,3.0,9814797.979246492
1.0,4.5,0.5,235.3225863209292
1.0,4.5,1.125,5493.696847202266
1.0,4.5,1.75,190971.29606499537
1.0,4.5,2.375,2213008.3145931456
1.0,4.5,3.0,14371134.562012088
1.0,5.0,0.5,302.3215971411697
1.0,5.0,1.125,7987.783880463528
1.0,5.0,1.75,276430.038487464
1.0,5.0,2.375,3199384.252135604
1.0,5.0,3.0,20769679.684745852
1.5,-5.0,0.5,442.0214368456294
1.5,-5.0,1.125,440.9387313915097
1.5,-5.0,1.75,437.05475958540654
1.5,-5.0,2.375,440.69128188870724
1.5,-5.0,3.0,525.7807982127536
1.5,-4.5,0.5,357.7608776577476
1.5,-4.5,1.125,355.86282616070514
1.5,-4.5,1.75,351.5970920525933
1.5,-4.5,2.375,389.105057645516
1.5,-4.5,3.0,730.1554851144633
1.5,-4.0,0.5,283.1217998175538
1.5,-4.0,1.125,280.119378592329
1.5,-4.0,1.75,280.33288746263815
1.5,-4.0,2.375,424.88431888939783
1.5,-4.0,3.0,1489.6117953856601
1.5,-3.5,0.5,218.0423358411038
1.5,-3.5,1.125,213.75285007157868
1.5,-3.5,1.75,231.67300260412645
1.5,-3.5,2.375,653.8350047325108
1.5,-3.5,3.0,3504.080633344191
1.5,-3.0,0.5,162.43086299805736
1.5,-3.0,1.125,157.00007023127955
1.5,-3.0,1.75,222.50821855853889
1.5,-3.0,2.375,1281.1987857480283
1.5,-3.0,3.0,8120.662885419224
1.5,-2.5,0.5,116.14572816030055
1.5,-2.5,1.125,110.43872594206883
1.5,-2.5,1.75,284.06196566260144
1.5,-2.5,2.375,2679.3590293961743
1.5,-2.5,3.0,17772.789166920036
1.5,-2.0,0.5,78.95790407022268
1.5,-2.0,1.125,75.20425230795334
1.5,-2.0,1.75,470.66738590260354
1.5,-2.0,2.375,5489.392997473388
1.5,-2.0,3.0,36638.86055305961
1.5,-1.5,0.5,50.48291187032151
1.5,-1.5,1.125,53.29311523713093
1.5,-1.5,1.75,872.5425432179779
1.5,-1.5,2.375,10768.973025684993
1.5,-1.5,3.0,71601.48117575921
1.5,-1.0,0.5,30.07044074601908
1.5,-1.0,1.125,47.98146740791709
1.5,-1.0,1.75,1633.9451978928407
1.5,-1.0,2.375,20202.63762939604
1.5,-1.0,3.0,133611.18475678438
1.5,-0.5,0.5,16.70241210271818
1.5,-0.5,1.125,64.46143056795982
1.5,-0.5,1.75,2978.5270650230477
1.5,-0.5,2.375,36394.8453055495
1.5,-0.5,3.0,239586.68054650998
1.5,0.0,0.5,9.176321952344564
1.5,0.0,1.125,111.03679503563356
1.5,0.0,1.75,5244.3954954128985
1.5,0.0,2.375,63271.76621296182
1.5,0.0,3.0,415018.32718979486
1.5,0.5,0.5,6.854396839183234
1.5,0.5,1.125,201.2401080065762
1.5,0.5,1.75,8931.9601034666
1.5,0.5,2.375,106624.28330262894
1.5,0.5,3.0,697483.757721248
1.5,1.0,0.5,9.464270965302205
1.5,1.0,1.125,355.45844203735265
1.5,1.0,1.75,14766.538883790348
1.5,1.0,2.375,174830.8419725085
1.5,1.0,3.0,1141334.3906513776
1.5,1.5,0.5,17.8643423296888
1.5,1.5,1.125,604.10717603267
1.5,1.5,1.75,23781.97022382777
1.5,1.5,2.375,279811.9329946863
1.5,1.5,3.0,1823877.976653917
1.5,2.0,0.5,33.10107696150606
1.5,2.0,1.125,989.8352039784926
1.5,2.0,1.75,37427.920506495095
1.5,2.0,2.375,438275.25214605936
1.5,2.0,3.0,2853454.5131285475
1.5,2.5,0.5,55.872998575505534
1.5,2.5,1.125,1571.0689420282179
1.5,2.5,1.75,57709.61735817607
1.5,2.5,2.375,673329.7867152914
1.5,2.5,3.0,4379901.102504245
1.5,3.0,0.5,86.64131016038198
1.5,3.0,1.125,2427.3720903339317
1.5,3.0,1.75,87368.38759517334
1.5,3.0,2.375,1016562.7411941467
1.5,3.0,3.0,6608013.1179903215
1.5,3.5,0.5,125.75085263134713
1.5,3.5,1.125,3666.2757957674958
1.5,3.5,1.75,130112.35453439225
1.5,3.5,2.375,1510693.650749873
1.5,3.5,3.0,9814746.297770988
1.5,4.0,0.5,173.5112711105903
1.5,4.0,1.125,5431.885531991927
1.5,4.0,1.75,190909.48474978507
1.5,4.0,2.375,2212946.5032779356
1.5,4.0,3.0,14371072.750696877
1.5,4.5,0.5,230.25068028302564
1.5,4.5,1.125,7915.712963605384
1.5,4.5,1.75,276357.9675706058
1.5,4.5,2.375,3199312.1812187466
1.5,4.5,3.0,20769607.613828994
1.5,5.0,0.5,296.3563496008545
1.5,5.0,1.125,11370.27982141607
1.5,5.0,1.75,395152.2274045931
1.5,5.0,2.375,4569911.682863593
1.5,5.0,3.0,29659370.34305608
2.0,-5.0,0.5,473.2627989434943
2.0,-5.0,1.125,471.3647474464518
2.0,-5.0,1.75,467.09901333834
2.0,-5.0,2.375,504.60697893126274
2.0,-5.0,3.0,845.65740640021
2.0,-4.5,0.5,387.5800565409733
2.0,-4.5,1.125,384.5776353157486
2.0,-4.5,1.75,384.79114418605775
2.0,-4.5,2.375,529.3425756128173
2.0,-4.5,3.0,1594.0700521090798
2.0,-4.0,0.5,311.42547728424415
2.0,-4.0,1.125,307.13599151471897
2.0,-4.0,1.75,325.0561440472668
2.0,-4.0,2.375,747.2181461756511
2.0,-4.0,3.0,3597.4637747873317
2.0,-3.5,0.5,244.71262303081863
2.0,-3.5,1.125,239.28183026404076
2.0,-3.5,1.75,304.78997859130016
2.0,-3.5,2.375,1363.4805457807895
2.0,-3.5,3.0,8202.944645451986
2.0,-3.0,0.5,187.31865663916375
2.0,-3.0,1.125,181.611654420932
2.0,-3.0,1.75,355.2348941414646
2.0,-3.0,2.375,2750.5319578750377
2.0,-3.0,3.0,17843.9620953989
2.0,-2.5,0.5,139.06494580552103
2.0,-2.5,1.125,135.31129404325168
2.0,-2.5,1.75,530.7744276379019
2.0,-2.5,2.375,5549.500039208687
2.0,-2.5,3.0,36698.96759479491
2.0,-2.0,0.5,99.68747538769145
2.0,-2.0,1.125,102.49767875450087
2.0,-2.0,1.75,921.7471067353478
2.0,-2.0,2.375,10818.177589202362
2.0,-2.0,3.0,71650.68573927658
2.0,-1.5,0.5,68.79677078364891
2.0,-1.5,1.125,86.70779744554692
2.0,-1.5,1.75,1672.6715279304703
2.0,-1.5,2.375,20241.36395943367
2.0,-1.5,3.0,133649.91108682202
2.0,-1.0,0.5,45.84186054878917
2.0,-1.0,1.125,93.60087901403081
2.0,-1.0,1.75,3007.666513469119
2.0,-1.0,2.375,36423.98475399557
2.0,-1.0,3.0,239615.81999495602
2.0,-0.5,0.5,30.133619600101724
2.0,-0.5,1.125,131.9940926833907
2.0,-0.5,1.75,5265.352793060655
2.0,-0.5,2.375,63292.723510609576
2.0,-0.5,3.0,415039.2844874426
2.0,0.0,0.5,20.985714666498442
2.0,0.0,1.125,215.37142583389144
2.0,0.0,1.75,8946.091421293913
2.0,0.0,2.375,106638.41462045626
2.0,0.0,3.0,697497.8890390754
2.0,0.5,0.5,17.247898650689216
2.0,0.5,1.125,363.24206972273964
2.0,0.5,1.75,14774.322511475735
2.0,0.5,2.375,174838.6256001939
2.0,0.5,3.0,1141342.1742790628
2.0,1.0,0.5,18.858782396334757
2.0,1.0,1.125,605.1016160993161
2.0,1.0,1.75,23782.96466389442
2.0,1.0,2.375,279812.927434753
2.0,1.0,3.0,1823878.9710939839
2.0,1.5,0.5,26.50107696150605
2.0,1.5,1.125,983.2352039784926
2.0,1.5,1.75,37421.320506495096
2.0,1.5,2.375,438268.6521460594
2.0,1.5,3.0,2853447.9131285474
2.0,2.0,0.5,40.916841199108184
2.0,2.0,1.125,1556.1127846518207
2.0,2.0,1.75,57694.66120079967
2.0,2.0,2.375,673314.830557915
2.0,2.0,3.0,4379886.146346869
2.0,2.5,0.5,62.73615596754665
2.0,2.5,1.125,2403.466936141096
2.0,2.5,1.75,87344.48244098049
2.0,2.5,2.375,1016538.8360399539
2.0,2.5,3.0,6607989.212836129
2.0,3.0,0.5,92.46507276171619
2.0,3.0,1.125,3632.9900158978653
2.0,3.0,1.75,130079.06875452262
2.0,3.0,2.375,1510660.364970003
2.0,3.0,3.0,9814713.011991119
2.0,3.5,0.5,130.53527856960127
2.0,3.5,1.125,5388.909539450938
2.0,3.5,1.75,190866.50875724407
2.0,3.5,2.375,2212903.5272853943
2.0,3.5,3.0,14371029.774704337
2.0,4.0,0.5,177.36089500248286
2.0,4.0,1.125,7862.823178324841
2.0,4.0,1.75,276305.0777853253
2.0,4.0,2.375,3199259.291433466
2.0,4.0,3.0,20769554.724043716
2.0,4.5,0.5,233.38876932367808
2.0,4.5,1.125,11307.312241138894
2.0,4.5,1.75,395089.25982431584
2.0,4.5,2.375,4569848.715283316
2.0,4.5,3.0,29659307.3754758
2.0,5.0,0.5,299.1436022156124
2.0,5.0,1.125,16052.984641732462
2.0,5.0,1.75,558593.718260265
2.0,5.0,2.375,6455643.704688936
2.0,5.0,3.0,41889271.49845618
2.5,-5.0,0.5,513.1721778625594
2.5,-5.0,1.125,510.16975663733456
2.5,-5.0,1.75,510.3832655076438
2.5,-5.0,2.375,654.9346969344033
2.5,-5.0,3.0,1719.6621734306657
2.5,-4.5,0.5,425.9943016081613
2.5,-4.5,1.125,421.7048158386362
2.5,-4.5,1.75,439.62496837118397
2.5,-4.5,2.375,861.7869704995683
2.5,-4.5,3.0,3712.0325991112486
2.5,-4.0,0.5,348.2514265041453
2.5,-4.0,1.125,342.8206337373674
2.5,-4.0,1.75,408.3287820646268
2.5,-4.0,2.375,1467.0193492541162
2.5,-4.0,3.0,8306.483448925312
2.5,-3.5,0.5,279.8393442925873
2.5,-3.5,1.125,274.1323420743556
2.5,-3.5,1.75,447.7555817948882
2.5,-3.5,2.375,2843.052645528461
2.5,-3.5,3.0,17936.482783052325
2.5,-3.0,0.5,220.61697102650618
2.5,-3.0,1.125,216.86331926423685
2.5,-3.0,1.75,612.326452858887
2.5,-3.0,2.375,5631.052064429672
2.5,-3.0,3.0,36780.5196200159
2.5,-2.5,0.5,170.39203890506138
2.5,-2.5,1.125,173.20224227187077
2.5,-2.5,1.75,992.4516702527177
2.5,-2.5,2.375,10888.882152719732
2.5,-2.5,3.0,71721.39030279395
2.5,-2.0,0.5,128.90381251894726
2.5,-2.0,1.125,146.81483918084527
2.5,-2.0,1.75,1732.7785696657688
2.5,-2.0,2.375,20301.47100116897
2.5,-2.0,3.0,133710.0181285573
2.5,-1.5,0.5,95.80814137591048
2.5,-1.5,1.125,143.56715984115212
2.5,-1.5,1.75,3057.6327942962403
2.5,-1.5,2.375,36473.95103482269
2.5,-1.5,3.0,239665.78627578315
2.5,-1.0,0.5,70.68030585424509
2.5,-1.0,1.125,172.5407789375341
2.5,-1.0,1.75,5305.899479314799
2.5,-1.0,2.375,63333.27019686372
2.5,-1.0,3.0,415079.83117369673
2.5,-0.5,0.5,53.024196354597635
2.5,-0.5,1.125,247.40990752199062
2.5,-0.5,1.75,8978.129902982015
2.5,-0.5,2.375,106670.45310214435
2.5,-0.5,3.0,697529.9275207635
2.5,0.0,0.5,41.590601002932026
2.5,0.0,1.125,387.5847720749825
2.5,0.0,1.75,14798.665213827977
2.5,0.0,2.375,174862.96830254616
2.5,0.0,3.0,1141366.516981415
2.5,0.5,0.5,35.889133465678164
2.5,0.5,1.125,622.1319671686595
2.5,0.5,1.75,23799.995014963766
2.5,0.5,2.375,279829.9577858223
2.5,0.5,3.0,1823896.001445053
2.5,1.0,0.5,36.10506086340661
2.5,1.0,1.125,992.8391878803931
2.5,1.0,1.75,37430.92449039699
2.5,1.0,2.375,438278.2561299613
2.5,1.0,3.0,2853457.5171124493
2.5,1.5,0.5,42.67299857550552
2.5,1.5,1.125,1557.8689420282178
2.5,1.5,1.75,57696.41735817607
2.5,1.5,2.375,673316.5867152914
2.5,1.5,3.0,4379887.902504246
2.5,2.0,0.5,56.13615596754664
2.5,2.0,1.125,2396.866936141096
2.5,2.0,1.75,87337.88244098048
2.5,2.0,2.375,1016532.2360399539
2.5,2.0,3.0,6607982.612836129
2.5,2.5,0.5,77.04055042382556
2.5,2.5,1.125,3617.5654935599746
2.5,2.5,1.75,130063.64423218473
2.5,2.5,2.375,1510644.940447665
2.5,2.5,3.0,9814697.587468782
2.5,3.0,0.5,105.90038956498985
2.5,3.0,1.125,5364.274650446327
2.5,3.0,1.75,190841.87386823943
2.5,3.0,2.375,2212878.89239639
2.5,3.0,3.0,14371005.139815332
2.5,3.5,0.5,143.2126613431352
2.5,3.5,1.125,7828.674944665494
2.5,3.5,1.75,276270.92955166596
2.5,3.5,2.375,3199225.1431998066
2.5,3.5,3.0,20769520.575810052
2.5,4.0,0.5,189.49332353259618
2.5,4.0,1.125,11263.416795347812
2.5,4.0,1.75,395045.36437852477
2.5,4.0,2.375,4569804.8198375255
2.5,4.0,3.0,29659263.48003001
2.5,4.5,0.5,245.3207199732401
2.5,4.5,1.125,15999.16175949009
2.5,4.5,1.75,558539.8953780227
2.5,4.5,2.375,6455589.881806693
2.5,4.5,3.0,41889217.67557394
2.5,5.0,0.5,311.3821921256574
2.5,5.0,1.125,22465.85347400467
2.5,5.0,1.75,781538.5198860351
2.5,5.0,2.375,9026794.339494357
2.5,5.0,3.0,58562718.028301716
3.0,-5.0,0.5,561.8580389384867
3.0,-5.0,1.125,557.5685531689616
3.0,-5.0,1.75,575.4887057015094
3.0,-5.0,2.375,997.6507078298937
3.0,-5.0,3.0,3847.896336441574
3.0,-4.5,0.5,473.13967695703417
3.0,-4.5,1.125,467.7088841902563
3.0,-4.5,1.75,533.2170325175157
3.0,-4.5,2.375,1591.907599707005
3.0,-4.5,3.0,8431.3716993782
3.0,-4.0,0.5,393.7713167144234
3.0,-4.0,1.125,388.0643144961916
3.0,-4.0,1.75,561.6875542167243
3.0,-4.0,2.375,2956.984617950297
3.0,-4.0,3.0,18050.41475547416
3.0,-3.5,0.5,323.6391677824455
3.0,-3.5,1.125,319.88551602017617
3.0,-3.5,1.75,715.3486496148263
3.0,-3.5,2.375,5734.074261185611
3.0,-3.5,3.0,36883.54181677183
3.0,-3.0,0.5,262.59660242243126
3.0,-3.0,1.125,265.40680578924065
3.0,-3.0,1.75,1084.6562337700875
3.0,-3.0,2.375,10981.086716237101
3.0,-3.0,3.0,71813.59486631132
3.0,-2.5,0.5,210.4558377399324
3.0,-2.5,1.125,228.3668644018304
3.0,-2.5,1.75,1814.3305948867537
3.0,-2.5,2.375,20383.023026389954
3.0,-2.5,3.0,133791.57015377827
3.0,-2.0,0.5,166.9810698547737
3.0,-2.0,1.125,214.74008832001533
3.0,-2.0,1.75,3128.8057227751037
3.0,-2.0,2.375,36545.12396330155
3.0,-2.0,3.0,239736.95920426204
3.0,-1.5,0.5,131.88851788047822
3.0,-1.5,1.125,233.7489909637672
3.0,-1.5,1.75,5367.107691341032
3.0,-1.5,2.375,63394.478408889954
3.0,-1.5,3.0,415141.03938572295
3.0,-1.0,0.5,104.823079011868
3.0,-1.0,1.125,299.208790179261
3.0,-1.0,1.75,9029.928785639284
3.0,-1.0,2.375,106722.25198480162
3.0,-1.0,3.0,697581.7264034208
3.0,-0.5,0.5,84.60261621133151
3.0,-0.5,1.125,430.596787283382
3.0,-0.5,1.75,14841.677229036375
3.0,-0.5,2.375,174905.98031775455
3.0,-0.5,3.0,1141409.5289966236
3.0,0.0,0.5,70.65065177757896
3.0,0.0,1.125,656.8934854805602
3.0,0.0,1.75,23834.756533275664
3.0,0.0,2.375,279864.7193041342
3.0,0.0,3.0,1823930.762963365
3.0,0.5,0.5,62.91309216990552
3.0,0.5,1.125,1019.647219186892
3.0,0.5,1.75,37457.73252170349
3.0,0.5,2.375,438305.0641612678
3.0,0.5,3.0,2853484.3251437554
3.0,1.0,0.5,61.53595147499797
3.0,1.0,1.125,1576.7318949277103
3.0,1.0,1.75,57715.28031107556
3.0,1.0,2.375,673335.4496681909
3.0,1.0,3.0,4379906.765457144
3.0,1.5,0.5,66.84131016038195
3.0,1.5,1.125,2407.5720903339316
3.0,1.5,1.75,87348.58759517333
3.0,1.5,2.375,1016542.9411941468
3.0,1.5,3.0,6607993.317990321
3.0,2.0,0.5,79.26507276171617
3.0,2.0,1.125,3619.7900158978655
3.0,2.0,1.75,130065.86875452263
3.0,2.0,2.375,1510647.164970003
3.0,2.0,3.0,9814699.81199112
3.0,2.5,0.5,99.30038956498984
3.0,2.5,1.125,5357.674650446326
3.0,2.5,1.75,190835.27386823943
3.0,2.5,2.375,2212872.29239639
3.0,2.5,3.0,14370998.53981533
3.0,3.0,0.5,127.47201486919086
3.0,3.0,1.125,7812.93429819155
3.0,3.0,1.75,276255.188905192
3.0,3.0,2.375,3199209.4025533325
3.0,3.0,3.0,20769504.835163582
3.0,3.5,0.5,164.34182781059738
3.0,3.5,1.125,11238.265299625813
3.0,3.5,1.75,395020.21288280276
3.0,3.5,2.375,4569779.668341802
3.0,3.5,3.0,29659238.328534286
3.0,4.0,0.5,210.53563441181126
3.0,4.0,1.125,15964.376673928662
3.0,4.0,1.75,558505.1102924612
3.0,4.0,2.375,6455555.096721131
3.0,4.0,3.0,41889182.89048838
3.0,4.5,0.5,266.78287546587836
3.0,4.5,1.125,22421.254157344894
3.0,4.5,1.75,781493.9205693753
3.0,4.5,2.375,9026749.740177697
3.0,4.5,3.0,58562673.42898505
3.0,5.0,0.5,333.96534599247343
3.0,5.0,1.125,31164.62416154054
3.0,5.0,1.75,1083087.3365544865
3.0,5.0,2.375,12503262.497973511
3.0,5.0,3.0,81105079.7177373
3.5,-5.0,0.5,619.4285273535852
3.5,-5.0,1.125,613.9977345868074
3.5,-5.0,1.75,679.5058829140667
3.5,-5.0,2.375,1738.196450103556
3.5,-5.0,3.0,8577.660549774753
3.5,-4.5,0.5,529.1471957632918
3.5,-4.5,1.125,523.4401935450601
3.5,-4.5,1.75,697.0634332655927
3.5,-4.5,2.375,3092.3604969991657
3.5,-4.5,3.0,18185.790634523026
3.5,-4.0,0.5,448.1433991451213
3.5,-4.0,1.125,444.38974738285197
3.5,-4.0,1.75,839.8528809775021
3.5,-4.0,2.375,5858.578492548288
3.5,-4.0,3.0,37008.04604813451
3.5,-3.5,0.5,376.3011659398012
3.5,-3.5,1.125,379.11136930661064
3.5,-3.5,1.75,1198.3607972874574
3.5,-3.5,2.375,11094.79127975447
3.5,-3.5,3.0,71927.2994298287
3.5,-3.0,0.5,313.4780344958717
3.5,-3.0,1.125,331.38906115776973
3.5,-3.0,1.75,1917.3527916426933
3.5,-3.0,2.375,20486.045223145895
3.5,-3.0,3.0,133894.59235053422
3.5,-2.5,0.5,259.5017575081973
3.5,-2.5,1.125,307.2607759734389
3.5,-2.5,1.75,3221.326410428527
3.5,-2.5,2.375,36637.64465095498
3.5,-2.5,3.0,239829.47989191546
3.5,-2.0,0.5,214.17027791323946
3.5,-2.0,1.125,316.03075099652847
3.5,-2.0,1.75,5449.389451373793
3.5,-2.0,2.375,63476.760168922716
3.5,-2.0,3.0,415223.3211457557
3.5,-1.5,0.5,177.21883446086966
3.5,-1.5,1.125,371.60454562826266
3.5,-1.5,1.75,9102.324541088285
3.5,-1.5,2.375,106794.64774025063
3.5,-1.5,3.0,697654.1221588698
3.5,-1.0,0.5,147.5390900253249
3.5,-1.0,1.125,493.5332610973754
3.5,-1.0,1.75,14904.613702850369
3.5,-1.0,2.375,174968.91679156854
3.5,-1.0,3.0,1141472.4654704374
3.5,-0.5,0.5,124.57346936442865
3.5,-0.5,1.125,710.8163030674099
3.5,-0.5,1.75,23888.679350862516
3.5,-0.5,2.375,279918.64212172106
3.5,-0.5,3.0,1823984.6857809518
3.5,0.0,0.5,108.20107696150603
3.5,0.0,1.125,1064.9352039784926
3.5,0.0,1.75,37503.02050649509
3.5,0.0,2.375,438350.3521460594
3.5,0.0,3.0,2853529.613128547
3.5,0.5,0.5,98.4214047164781
3.5,0.5,1.125,1613.6173481691903
3.5,0.5,1.75,57752.16576431704
3.5,0.5,2.375,673372.3351214324
3.5,0.5,3.0,4379943.650910386
3.5,1.0,0.5,95.37760325464114
3.5,1.0,1.125,2436.108383428191
3.5,1.0,1.75,87377.12388826758
3.5,1.0,2.375,1016571.477487241
3.5,1.0,3.0,6608021.854283416
3.5,1.5,0.5,99.3508526313471
3.5,1.5,1.125,3639.8757957674957
3.5,1.5,1.75,130085.95453439225
3.5,1.5,2.375,1510667.2507498728
3.5,1.5,3.0,9814719.89777099
3.5,2.0,0.5,110.73527856960125
3.5,2.0,1.125,5369.109539450938
3.5,2.0,1.75,190846.70875724405
3.5,2.0,2.375,2212883.7272853944
3.5,2.0,3.0,14371009.974704336
3.5,2.5,0.5,130.0126613431352
3.5,2.5,1.125,7815.474944665493
3.5,2.5,1.75,276257.72955166595
3.5,2.5,2.375,3199211.9431998064
3.5,2.5,3.0,20769507.375810053
3.5,3.0,0.5,157.74182781059739
3.5,3.0,1.125,11231.665299625814
3.5,3.0,1.75,395013.6128828028
3.5,3.0,2.375,4569773.068341803
3.5,3.0,3.0,29659231.72853429
3.5,3.5,0.5,194.56757903340088
3.5,3.5,1.125,15948.408618550251
3.5,3.5,1.75,558489.1422370828
3.5,3.5,2.375,6455539.128665754
3.5,3.5,3.0,41889166.922433
3.5,4.0,0.5,241.2473606536665
3.5,4.0,1.125,22395.718642532684
3.5,4.0,1.75,781468.385054563
3.5,4.0,2.375,9026724.204662886
3.5,4.0,3.0,58562647.89347024
3.5,4.5,0.5,298.6924021495877
3.5,4.5,1.125,31129.351217697655
3.5,4.5,1.75,1083052.0636106436
3.5,4.5,2.375,12503227.225029668
3.5,4.5,3.0,81105044.44479345
3.5,5.0,0.5,368.0213742506029
3.5,5.0,1.125,42863.63804482405
3.5,5.0,1.75,1487783.5085589155
3.5,5.0,2.375,17167590.273241643
3.5,5.0,3.0,111347748.91787207
4.0,-5.0,0.5,685.9854001850201
4.0,-5.0,1.125,680.2783979667884
4.0,-5.0,1.75,853.901637687321
4.0,-5.0,2.375,3249.198701420894
4.0,-5.0,3.0,18342.628838944758
4.0,-4.5,0.5,594.1359786118287
4.0,-4.5,1.125,590.3823268495594
4.0,-4.5,1.75,985.8454604442095
4.0,-4.5,2.375,6004.571072014995
4.0,-4.5,3.0,37154.038627601214
4.0,-4.0,0.5,511.5057294571711
4.0,-4.0,1.125,514.3159328239806
4.0,-4.0,1.75,1333.5653608048274
4.0,-4.0,2.375,11229.995843271841
4.0,-4.0,3.0,72062.50399334605
4.0,-3.5,0.5,437.9822658585475
4.0,-3.5,1.125,455.8932925204455
4.0,-3.5,1.75,2041.8570230053688
4.0,-3.5,2.375,20610.549454508568
4.0,-3.5,3.0,134019.0965818969
4.0,-3.0,0.5,373.4337299300333
4.0,-3.0,1.125,421.1927483952749
4.0,-3.0,1.75,3335.258382850363
4.0,-3.0,2.375,36751.576623376815
4.0,-3.0,3.0,239943.41186433728
4.0,-2.5,0.5,317.70908138656614
4.0,-2.5,1.125,419.5695544698551
4.0,-2.5,1.75,5552.928254847119
4.0,-2.5,2.375,63580.29897239604
4.0,-2.5,3.0,415326.85994922905
4.0,-2.0,0.5,270.60197590401
4.0,-2.0,1.125,464.98768707140295
4.0,-2.0,1.75,9195.707682531425
4.0,-2.0,2.375,106888.03088169378
4.0,-2.0,3.0,697747.5053003129
4.0,-1.5,0.5,231.06054950481595
4.0,-1.5,1.125,577.0547205768664
4.0,-1.5,1.75,14988.135162329861
4.0,-1.5,2.375,175052.43825104804
4.0,-1.5,3.0,1141555.986929917
4.0,-1.0,0.5,198.56524707309325
4.0,-1.0,1.125,784.8080807760745
4.0,-1.0,1.75,23962.67112857118
4.0,-1.0,2.375,279992.6338994297
4.0,-1.0,3.0,1824058.6775586605
4.0,-0.5,0.5,172.99503292240098
4.0,-0.5,1.125,1129.7291599393875
4.0,-0.5,1.75,37567.814462455986
4.0,-0.5,2.375,438415.1461020202
4.0,-0.5,3.0,2853594.4070845083
4.0,0.0,0.5,154.2985871296284
4.0,0.0,1.125,1669.4945305823408
4.0,0.0,1.75,57808.04294673019
4.0,0.0,2.375,673428.2123038456
4.0,0.0,3.0,4379999.528092799
4.0,0.5,0.5,142.5230701931432
4.0,0.5,1.125,2483.253850366693
4.0,0.5,1.75,87424.2693552061
4.0,0.5,2.375,1016618.6229541794
4.0,0.5,3.0,6608068.999750354
4.0,1.0,0.5,137.83232813249018
4.0,1.0,1.125,3678.357271268639
4.0,1.0,1.75,130124.43600989338
4.0,1.0,2.375,1510705.732225374
4.0,1.0,3.0,9814758.37924649
4.0,1.5,0.5,140.51127111059026
4.0,1.5,1.125,5398.885531991927
4.0,1.5,1.75,190876.48474978507
4.0,1.5,2.375,2212913.5032779356
4.0,1.5,3.0,14371039.750696877
4.0,2.0,0.5,150.96089500248283
4.0,2.0,1.125,7836.4231783248415
4.0,2.0,1.75,276278.6777853253
4.0,2.0,2.375,3199232.891433466
4.0,2.0,3.0,20769528.324043714
4.0,2.5,0.5,169.69332353259614
4.0,2.5,1.125,11243.616795347813
4.0,2.5,1.75,395025.5643785248
4.0,2.5,2.375,4569785.019837525
4.0,2.5,3.0,29659243.68003001
4.0,3.0,0.5,197.33563441181124
4.0,3.0,1.125,15951.176673928661
4.0,3.0,1.75,558491.9102924612
4.0,3.0,2.375,6455541.896721132
4.0,3.0,3.0,41889169.690488376
4.0,3.5,0.5,234.64736065366648
4.0,3.5,1.125,22389.11864253268
4.0,3.5,1.75,781461.7850545631
4.0,3.5,2.375,9026717.604662884
4.0,3.5,3.0,58562641.29347024
4.0,4.0,0.5,282.5530312396787
4.0,4.0,1.125,31113.211846787744
4.0,4.0,1.75,1083035.9242397335
4.0,4.0,2.375,12503211.085658759
4.0,4.0,3.0,81105028.30542254
4.0,4.5,0.5,342.18958850854744
4.0,4.5,1.125,42837.806259082
4.0,4.5,1.75,1487757.6767731733
4.0,4.5,2.375,17167564.4414559
4.0,4.5,3.0,111347723.08608633
4.0,5.0,0.5,414.96869149105555
4.0,5.0,1.125,58476.46834870831
4.0,5.0,1.75,2027006.585110101
4.0,5.0,2.375,23381001.22799954
4.0,5.0,3.0,151632090.62835678
4.5,-5.0,0.5,761.6205734229591
4.5,-5.0,1.125,757.8669216606897
4.5,-5.0,1.75,1153.33005525534
4.5,-5.0,2.375,6172.055666826125
4.5,-5.0,3.0,37321.52322241235
4.5,-4.5,0.5,668.2102929745411
4.5,-4.5,1.125,671.0204963413505
4.5,-4.5,1.75,1490.2699243221975
4.5,-4.5,2.375,11386.700406789212
4.5,-4.5,3.0,72219.20855686344
4.5,-4.0,0.5,583.9748453252548
4.5,-4.0,1.125,601.8858719871529
4.5,-4.0,1.75,2187.849602472076
4.5,-4.0,2.375,20756.542033975278
4.5,-4.0,3.0,134165.08916136363
4.5,-3.5,0.5,508.8096089789018
4.5,-3.5,1.125,556.5686274441434
4.5,-3.5,1.75,3470.6342618992317
4.5,-3.5,2.375,36886.95250242569
4.5,-3.5,3.0,240078.78774338614
4.5,-3.0,0.5,442.597331839455
4.5,-3.0,1.125,544.457804922744
4.5,-3.0,1.75,5677.816505300008
4.5,-3.0,2.375,63705.18722284893
4.5,-3.0,3.0,415451.7481996819
4.5,-2.5,0.5,385.17080022792715
4.5,-2.5,1.125,579.5565113953202
4.5,-2.5,1.75,9310.276506855342
4.5,-2.5,2.375,107002.59970601769
4.5,-2.5,3.0,697862.0741246368
4.5,-2.0,0.5,335.51880622823546
4.5,-2.0,1.125,681.5129773002859
4.5,-2.0,1.75,15092.59341905328
4.5,-2.0,2.375,175156.89650777142
4.5,-2.0,3.0,1141660.4451866404
4.5,-1.5,0.5,293.15669829563325
4.5,-1.5,1.125,879.3995319986145
4.5,-1.5,1.75,24057.262579793718
4.5,-1.5,2.375,280087.22535065224
4.5,-1.5,3.0,1824153.269009883
4.5,-1.0,0.5,257.98234067372886
4.5,-1.0,1.125,1214.7164676907155
4.5,-1.0,1.75,37652.80177020732
4.5,-1.0,2.375,438500.1334097716
4.5,-1.0,3.0,2853679.3943922594
4.5,-0.5,0.5,229.93704148023892
4.5,-0.5,1.125,1745.1329849329513
4.5,-0.5,1.75,57883.6814010808
4.5,-0.5,2.375,673503.8507581962
4.5,-0.5,3.0,4380075.166547149
4.5,0.0,0.5,209.02911423224828
4.5,0.0,1.125,2549.7598944057977
4.5,0.0,1.75,87490.77539924519
4.5,0.0,2.375,1016685.1289982186
4.5,0.0,3.0,6608135.505794393
4.5,0.5,0.5,195.3561871875864
4.5,0.5,1.125,3735.8811303237353
4.5,0.5,1.75,130181.95986894848
4.5,0.5,2.375,1510763.2560844289
4.5,0.5,3.0,9814815.903105546
4.5,1.0,0.5,189.12258632092912
4.5,1.0,1.125,5447.496847202266
4.5,1.0,1.75,190925.0960649954
4.5,1.0,2.375,2212962.1145931454
4.5,1.0,3.0,14371088.362012088
4.5,1.5,0.5,190.6506802830256
4.5,1.5,1.125,7876.112963605384
4.5,1.5,1.75,276318.3675706058
4.5,1.5,2.375,3199272.5812187465
4.5,1.5,3.0,20769568.013828997
4.5,2.0,0.5,200.38876932367805
4.5,2.0,1.125,11274.312241138894
4.5,2.0,1.75,395056.25982431584
4.5,2.0,2.375,4569815.715283316
4.5,2.0,3.0,29659274.3754758
4.5,2.5,0.5,218.92071997324007
4.5,2.5,1.125,15972.76175949009
4.5,2.5,1.75,558513.4953780227
4.5,2.5,2.375,6455563.481806693
4.5,2.5,3.0,41889191.27557394
4.5,3.0,0.5,246.98287546587835
4.5,3.0,1.125,22401.454157344895
4.5,3.0,1.75,781474.1205693753
4.5,3.0,2.375,9026729.940177696
4.5,3.0,3.0,58562653.628985055
4.5,3.5,0.5,285.4924021495877
4.5,3.5,1.125,31116.151217697654
4.5,3.5,1.75,1083038.8636106437
4.5,3.5,2.375,12503214.025029669
4.5,3.5,3.0,81105031.24479344
4.5,4.0,0.5,335.5895885085474
4.5,4.0,1.125,42831.206259082
4.5,4.0,1.75,1487751.0767731734
4.5,4.0,2.375,17167557.841455903
4.5,4.0,3.0,111347716.48608634
4.5,4.5,0.5,398.69567967678836
4.5,4.5,1.125,58460.195336894045
4.5,4.5,1.75,2026990.3120982866
4.5,4.5,2.375,23380984.954987727
4.5,4.5,3.0,151632074.35534492
4.5,5.0,0.5,476.58779616195034
4.5,5.0,1.125,79166.0964375481
4.5,5.0,1.75,2740693.1971035157
4.5,5.0,2.375,31603205.34514026
4.5,5.0,3.0,204937805.52123204
5.0,-5.0,0.5,846.414856491911
5.0,-5.0,1.125,849.2250598587204
5.0,-5.0,1.75,1668.4744878395672
5.0,-5.0,2.375,11564.904970306581
5.0,-5.0,3.0,72397.41312038079
5.0,-4.5,0.5,751.4594401363853
5.0,-4.5,1.125,769.3704667982834
5.0,-4.5,1.75,2355.334197283207
5.0,-4.5,2.375,20924.02662878641
5.0,-4.5,3.0,134332.57375617474
5.0,-4.0,0.5,665.6478134006301
5.0,-4.0,1.125,713.4068318658717
5.0,-4.0,1.75,3627.47246632096
5.0,-4.0,2.375,37043.79070684741
5.0,-4.0,3.0,240235.62594780786
5.0,-3.5,0.5,588.886182236006
5.0,-3.5,1.125,690.746655319295
5.0,-3.5,1.75,5824.105355696559
5.0,-3.5,2.375,63851.47607324548
5.0,-3.5,3.0,415598.0370500785
5.0,-3.0,0.5,521.0345375582525
5.0,-3.0,1.125,715.4202487256455
5.0,-3.0,1.75,9446.140244185668
5.0,-3.0,2.375,107138.46344334801
5.0,-3.0,3.0,697997.9378619671
5.0,-2.5,0.5,461.1109275498215
5.0,-2.5,1.125,807.105098621872
5.0,-2.5,1.75,15218.185540374867
5.0,-2.5,2.375,175282.48862909304
5.0,-2.5,3.0,1141786.0373079618
5.0,-2.0,0.5,408.65861958138
5.0,-2.0,1.125,994.9014532843612
5.0,-2.0,1.75,24172.764501079466
5.0,-2.0,2.375,280202.727271938
5.0,-2.0,3.0,1824268.7709311687
5.0,-1.5,0.5,363.59686246398593
5.0,-1.5,1.125,1320.3309894809722
5.0,-1.5,1.75,37758.41629199757
5.0,-1.5,2.375,438605.7479315619
5.0,-1.5,3.0,2853785.0089140497
5.0,-1.0,0.5,325.87555050582677
5.0,-1.0,1.125,1841.0714939585391
5.0,-1.0,1.75,57979.61991010639
5.0,-1.0,2.375,673599.7892672217
5.0,-1.0,3.0,4380171.105056176
5.0,-0.5,0.5,295.49332444183597
5.0,-0.5,1.125,2636.2241046153854
5.0,-0.5,1.75,87577.23960945477
5.0,-0.5,2.375,1016771.5932084281
5.0,-0.5,3.0,6608221.970004603
5.0,0.0,0.5,272.51773283697577
5.0,0.0,1.125,3813.042675973125
5.0,0.0,1.75,130259.12141459787
5.0,0.0,2.375,1510840.4176300783
5.0,0.0,3.0,9814893.064651195
5.0,0.5,0.5,257.105532818294
5.0,0.5,1.125,5515.479793699631
5.0,0.5,1.75,190993.07901149275
5.0,0.5,2.375,2213030.0975396433
5.0,0.5,3.0,14371156.344958587
5.0,1.0,0.5,249.52159714116965
5.0,1.0,1.125,7934.983880463527
5.0,1.0,1.75,276377.238487464
5.0,1.0,2.375,3199331.4521356043
5.0,1.0,3.0,20769626.88474585
5.0,1.5,0.5,250.15634960085444
5.0,1.5,1.125,11324.07982141607
5.0,1.5,1.75,395106.0274045931
5.0,1.5,2.375,4569865.482863594
5.0,1.5,3.0,29659324.14305608
5.0,2.0,0.5,259.54360221561234
5.0,2.0,1.125,16013.384641732464
5.0,2.0,1.75,558554.118260265
5.0,2.0,2.375,6455604.104688936
5.0,2.0,3.0,41889231.89845618
5.0,2.5,0.5,278.38219212565735
5.0,2.5,1.125,22432.85347400467
5.0,2.5,1.75,781505.5198860351
5.0,2.5,2.375,9026761.339494357
5.0,2.5,3.0,58562685.028301716
5.0,3.0,0.5,307.5653459924734
5.0,3.0,1.125,31138.224161540544
5.0,3.0,1.75,1083060.9365544864
5.0,3.0,2.375,12503236.097973512
5.0,3.0,3.0,81105053.3177373
5.0,3.5,0.5,348.2213742506029
5.0,3.5,1.125,42843.83804482405
5.0,3.5,1.75,1487763.7085589154
5.0,3.5,2.375,17167570.473241642
5.0,3.5,3.0,111347729.11787207
5.0,4.0,0.5,401.76869149105556
5.0,4.0,1.125,58463.26834870831
5.0,4.0,1.75,2026993.385110101
5.0,4.0,2.375,23380988.02799954
5.0,4.0,3.0,151632077.42835677
5.0,4.5,0.5,469.98779616195037
5.0,4.5,1.125,79159.49643754809
5.0,4.5,1.75,2740686.5971035156
5.0,4.5,2.375,31603198.745140262
5.0,4.5,3.0,204937798.92123204
5.0,5.0,0.5,555.1129504918109
5.0,5.0,1.125,106406.75224857293
5.0,5.0,1.75,3679457.8054256043
5.0,5.0,2.375,42416805.86576622
5.0,5.0,3.0,275041119.24845904
