{
  "version": "16.2",
  "theoretical_basis": "Principia Metaphysica",
  "generated": "2025-12-29T15:39:58.274591",
  "proof_count": 17,
  "verified_count": 0,
  "proofs": [
    {
      "id": "k_gimel_derivation",
      "label": "Warp Factor k_gimel",
      "category": "GEOMETRIC",
      "wl_code": "N[24/2 + 1/Pi, 10]",
      "expected": "12.31830989",
      "goal": "Verify k_gimel = b3/2 + 1/pi"
    },
    {
      "id": "c_kaf_derivation",
      "label": "Flux Constraint C_kaf",
      "category": "GEOMETRIC",
      "wl_code": "Simplify[24 * (24 - 7) / (24 - 9)]",
      "expected": "136/5 = 27.2",
      "goal": "Verify C_kaf = b3*(b3-7)/(b3-9)"
    },
    {
      "id": "chi_eff_derivation",
      "label": "Euler Characteristic",
      "category": "GEOMETRIC",
      "wl_code": "6 * 24",
      "expected": "144",
      "goal": "Verify chi_eff = 6 * b3"
    },
    {
      "id": "scalar_field_eom",
      "label": "Scalar Field EoM",
      "category": "MASTER_ACTION",
      "wl_code": "\n                Needs[\"VariationalMethods`\"];\n                L = (1/2) * D[phi[x, t], t]^2 - (1/2) * D[phi[x, t], x]^2 - V[phi[x, t]];\n                EulerEquations[L, phi[x, t], {x, t}]\n            ",
      "expected": "D[phi,{t,2}] - D[phi,{x,2}] + V'[phi] == 0",
      "goal": "Derive Klein-Gordon equation from Lagrangian"
    },
    {
      "id": "einstein_field_variation",
      "label": "Einstein Field Equations",
      "category": "MASTER_ACTION",
      "wl_code": "\n                (* Metric variation of Einstein-Hilbert action *)\n                (* \u03b4S/\u03b4g^\u03bc\u03bd = R_\u03bc\u03bd - (1/2)g_\u03bc\u03bd R = 8\u03c0G T_\u03bc\u03bd *)\n                Solve[R - (1/2) * g * R == 8 * Pi * G * T, {R}]\n            ",
      "expected": "R = 8*pi*G*T (trace)",
      "goal": "Verify Einstein equations from action variation"
    },
    {
      "id": "w_cpl_parameterization",
      "label": "CPL w(z) at z=0.45",
      "category": "COSMOLOGY",
      "wl_code": "\n                w0 = -0.85;\n                wa = -0.24;\n                z = 0.45;\n                w0 + wa * (z / (1 + z))\n            ",
      "expected": "-0.925 (phantom phase)",
      "goal": "Verify phantom crossing at DESI z=0.45"
    },
    {
      "id": "hubble_evolution",
      "label": "H0 from Dynamical DE",
      "category": "COSMOLOGY",
      "wl_code": "\n                H0early = 67.4;\n                kGimel = 12.318;\n                H0early * (1 + kGimel/200)\n            ",
      "expected": "71.55 km/s/Mpc",
      "goal": "Verify Hubble tension resolution"
    },
    {
      "id": "delta_cp_io",
      "label": "Inverted Ordering delta_CP",
      "category": "NEUTRINO",
      "wl_code": "\n                (* G2 complex structure gives phase *)\n                z = 7.102 + 1.054 * I;\n                N[Arg[z] * (180/Pi) + 180, 5]\n            ",
      "expected": "268.4 deg (matches NuFIT 6.0 IO)",
      "goal": "Verify delta_CP prediction for Inverted Ordering"
    },
    {
      "id": "theta_12_tribimaximal",
      "label": "Solar Angle theta_12",
      "category": "NEUTRINO",
      "wl_code": "\n                N[ArcSin[Sqrt[1/3]] * (180/Pi), 5]\n            ",
      "expected": "35.26 deg (tribimaximal base)",
      "goal": "Verify tribimaximal contribution to theta_12"
    },
    {
      "id": "proton_lifetime",
      "label": "Proton Lifetime tau_p",
      "category": "FERMION",
      "wl_code": "\n                MGUT = 2.1 * 10^16; (* GeV *)\n                alphaGUT = 1/24;\n                mp = 0.938; (* GeV *)\n                S = 2.125; (* Suppression factor *)\n                tau = (MGUT^4 / (alphaGUT^2 * mp^5)) * S^2;\n                (* Convert to years: 1 GeV^-1 = 6.58e-25 s *)\n                tauSec = tau * 6.58 * 10^(-25);\n                tauYears = tauSec / (3.154 * 10^7);\n                N[tauYears, 3]\n            ",
      "expected": "~10^35 years",
      "goal": "Verify tau_p > Super-K bound (1.67e34 yr)"
    },
    {
      "id": "orch_or_collapse",
      "label": "Orch-OR Collapse Time",
      "category": "QUANTUM",
      "wl_code": "\n                hbar = 1.055 * 10^(-34); (* J*s *)\n                EG = 10^(-32); (* J - gravitational self-energy *)\n                tau = hbar / EG;\n                N[tau * 1000, 3] (* milliseconds *)\n            ",
      "expected": "~10 ms (neural timescale)",
      "goal": "Verify Penrose-Hameroff gravitational collapse"
    },
    {
      "id": "g2_holonomy_group",
      "label": "G2 Maximal Subgroup",
      "category": "MASTER_ACTION",
      "wl_code": "\n                (* G2 contains SU(3) as maximal subgroup *)\n                (* Branching: 7 -> 1 + 3 + 3bar under SU(3) *)\n                7 == 1 + 3 + 3\n            ",
      "expected": "True",
      "goal": "Verify G2 -> SU(3) branching for color"
    },
    {
      "id": "betti_three",
      "label": "Third Betti Number",
      "category": "GEOMETRIC",
      "wl_code": "\n                (* For TCS G2 with K3 x S3/Gamma structure *)\n                (* b3 = b2(K3) x b1(S3/Gamma) + ... = 22 + 2 = 24 *)\n                22 + 2\n            ",
      "expected": "24",
      "goal": "Verify b3 = 24 for TCS construction"
    },
    {
      "id": "alpha_geometric",
      "label": "Fine Structure Constant from G2",
      "category": "GEOMETRIC",
      "wl_code": "\n                With[{b3 = 24, kg = 12.318309, ckaf = 27.2, s3v = 2.954060},\n                     FullSimplify[(ckaf * b3^2) / (kg * Pi * s3v)]]\n            ",
      "expected": "137.035999...",
      "goal": "Derive alpha^-1 from G2 topology"
    },
    {
      "id": "mass_ratio_geometric",
      "label": "Mass Ratio from G2",
      "category": "FERMION",
      "wl_code": "\n                With[{b3 = 24, kg = 12.3183, ckaf = 27.2},\n                     (ckaf^2 * (kg / Pi)) / (1.2801 * (1 + 0.5772/24))]\n            ",
      "expected": "1836.15...",
      "goal": "Derive m_p/m_e from G2 topology"
    },
    {
      "id": "s8_viscosity",
      "label": "S8 Bulk Viscosity",
      "category": "COSMOLOGY",
      "wl_code": "\n                With[{ckaf = 27.2, z = 0.45},\n                     suppression = 1/(1 + (ckaf/(2*Pi^2) * Sqrt[z])/100);\n                     0.832 * suppression]\n            ",
      "expected": "0.76",
      "goal": "Derive S8 from G2 bulk viscosity"
    },
    {
      "id": "microtubule_pitch",
      "label": "Microtubule Topological Pitch",
      "category": "QUANTUM",
      "wl_code": "\n                With[{b3 = 24, kg = 12.318},\n                     b3 / (kg / Pi)]\n            ",
      "expected": "~13 (protofilaments)",
      "goal": "Link microtubule structure to G2"
    }
  ],
  "certificates": [
    {
      "proof_id": "k_gimel_derivation",
      "label": "Warp Factor k_gimel",
      "wl_code": "N[24/2 + 1/Pi, 10]",
      "result": "[Mock] 12.31830989",
      "hash": "6ece23c18b7d7537",
      "timestamp": "2025-12-29T15:39:58.268970",
      "verified": false
    },
    {
      "proof_id": "c_kaf_derivation",
      "label": "Flux Constraint C_kaf",
      "wl_code": "Simplify[24 * (24 - 7) / (24 - 9)]",
      "result": "[Mock] 136/5 = 27.2",
      "hash": "f989aeda23a71881",
      "timestamp": "2025-12-29T15:39:58.269889",
      "verified": false
    },
    {
      "proof_id": "chi_eff_derivation",
      "label": "Euler Characteristic",
      "wl_code": "6 * 24",
      "result": "[Mock] 144",
      "hash": "4603a5252cd6256a",
      "timestamp": "2025-12-29T15:39:58.270225",
      "verified": false
    },
    {
      "proof_id": "scalar_field_eom",
      "label": "Scalar Field EoM",
      "wl_code": "\n                Needs[\"VariationalMethods`\"];\n                L = (1/2) * D[phi[x, t], t]^2 - (1/2) * D[phi[x, t], x]^2 - V[phi[x, t]];\n                EulerEquations[L, phi[x, t], {x, t}]\n            ",
      "result": "[Mock] D[phi,{t,2}] - D[phi,{x,2}] + V'[phi] == 0",
      "hash": "0ad7cc8d0718c626",
      "timestamp": "2025-12-29T15:39:58.270522",
      "verified": false
    },
    {
      "proof_id": "einstein_field_variation",
      "label": "Einstein Field Equations",
      "wl_code": "\n                (* Metric variation of Einstein-Hilbert action *)\n                (* \u03b4S/\u03b4g^\u03bc\u03bd = R_\u03bc\u03bd - (1/2)g_\u03bc\u03bd R = 8\u03c0G T_\u03bc\u03bd *)\n                Solve[R - (1/2) * g * R == 8 * Pi * G * T, {R}]\n            ",
      "result": "[Mock] R = 8*pi*G*T (trace)",
      "hash": "06731001ba402297",
      "timestamp": "2025-12-29T15:39:58.270861",
      "verified": false
    },
    {
      "proof_id": "w_cpl_parameterization",
      "label": "CPL w(z) at z=0.45",
      "wl_code": "\n                w0 = -0.85;\n                wa = -0.24;\n                z = 0.45;\n                w0 + wa * (z / (1 + z))\n            ",
      "result": "[Mock] -0.925 (phantom phase)",
      "hash": "75ee9526761b4b25",
      "timestamp": "2025-12-29T15:39:58.271207",
      "verified": false
    },
    {
      "proof_id": "hubble_evolution",
      "label": "H0 from Dynamical DE",
      "wl_code": "\n                H0early = 67.4;\n                kGimel = 12.318;\n                H0early * (1 + kGimel/200)\n            ",
      "result": "[Mock] 71.55 km/s/Mpc",
      "hash": "1fd7f887b18efc1b",
      "timestamp": "2025-12-29T15:39:58.271450",
      "verified": false
    },
    {
      "proof_id": "delta_cp_io",
      "label": "Inverted Ordering delta_CP",
      "wl_code": "\n                (* G2 complex structure gives phase *)\n                z = 7.102 + 1.054 * I;\n                N[Arg[z] * (180/Pi) + 180, 5]\n            ",
      "result": "[Mock] 268.4 deg (matches NuFIT 6.0 IO)",
      "hash": "4928ceb2a3f369e9",
      "timestamp": "2025-12-29T15:39:58.271686",
      "verified": false
    },
    {
      "proof_id": "theta_12_tribimaximal",
      "label": "Solar Angle theta_12",
      "wl_code": "\n                N[ArcSin[Sqrt[1/3]] * (180/Pi), 5]\n            ",
      "result": "[Mock] 35.26 deg (tribimaximal base)",
      "hash": "c2493914bdbe6b54",
      "timestamp": "2025-12-29T15:39:58.271964",
      "verified": false
    },
    {
      "proof_id": "proton_lifetime",
      "label": "Proton Lifetime tau_p",
      "wl_code": "\n                MGUT = 2.1 * 10^16; (* GeV *)\n                alphaGUT = 1/24;\n                mp = 0.938; (* GeV *)\n                S = 2.125; (* Suppression factor *)\n                tau = (MGUT^4 / (alphaGUT^2 * mp^5)) * S^2;\n                (* Convert to years: 1 GeV^-1 = 6.58e-25 s *)\n                tauSec = tau * 6.58 * 10^(-25);\n                tauYears = tauSec / (3.154 * 10^7);\n                N[tauYears, 3]\n            ",
      "result": "[Mock] ~10^35 years",
      "hash": "db13e31707ca8726",
      "timestamp": "2025-12-29T15:39:58.272227",
      "verified": false
    },
    {
      "proof_id": "orch_or_collapse",
      "label": "Orch-OR Collapse Time",
      "wl_code": "\n                hbar = 1.055 * 10^(-34); (* J*s *)\n                EG = 10^(-32); (* J - gravitational self-energy *)\n                tau = hbar / EG;\n                N[tau * 1000, 3] (* milliseconds *)\n            ",
      "result": "[Mock] ~10 ms (neural timescale)",
      "hash": "b86cf85b088039ca",
      "timestamp": "2025-12-29T15:39:58.272585",
      "verified": false
    },
    {
      "proof_id": "g2_holonomy_group",
      "label": "G2 Maximal Subgroup",
      "wl_code": "\n                (* G2 contains SU(3) as maximal subgroup *)\n                (* Branching: 7 -> 1 + 3 + 3bar under SU(3) *)\n                7 == 1 + 3 + 3\n            ",
      "result": "[Mock] True",
      "hash": "dd6bad1fb9df6fd3",
      "timestamp": "2025-12-29T15:39:58.272965",
      "verified": false
    },
    {
      "proof_id": "betti_three",
      "label": "Third Betti Number",
      "wl_code": "\n                (* For TCS G2 with K3 x S3/Gamma structure *)\n                (* b3 = b2(K3) x b1(S3/Gamma) + ... = 22 + 2 = 24 *)\n                22 + 2\n            ",
      "result": "[Mock] 24",
      "hash": "1397cce2d43dabd3",
      "timestamp": "2025-12-29T15:39:58.273271",
      "verified": false
    },
    {
      "proof_id": "alpha_geometric",
      "label": "Fine Structure Constant from G2",
      "wl_code": "\n                With[{b3 = 24, kg = 12.318309, ckaf = 27.2, s3v = 2.954060},\n                     FullSimplify[(ckaf * b3^2) / (kg * Pi * s3v)]]\n            ",
      "result": "[Mock] 137.035999...",
      "hash": "055b0f9837365a0c",
      "timestamp": "2025-12-29T15:39:58.273560",
      "verified": false
    },
    {
      "proof_id": "mass_ratio_geometric",
      "label": "Mass Ratio from G2",
      "wl_code": "\n                With[{b3 = 24, kg = 12.3183, ckaf = 27.2},\n                     (ckaf^2 * (kg / Pi)) / (1.2801 * (1 + 0.5772/24))]\n            ",
      "result": "[Mock] 1836.15...",
      "hash": "89cae59092bd9bdf",
      "timestamp": "2025-12-29T15:39:58.273816",
      "verified": false
    },
    {
      "proof_id": "s8_viscosity",
      "label": "S8 Bulk Viscosity",
      "wl_code": "\n                With[{ckaf = 27.2, z = 0.45},\n                     suppression = 1/(1 + (ckaf/(2*Pi^2) * Sqrt[z])/100);\n                     0.832 * suppression]\n            ",
      "result": "[Mock] 0.76",
      "hash": "3d813160ba85ec57",
      "timestamp": "2025-12-29T15:39:58.274080",
      "verified": false
    },
    {
      "proof_id": "microtubule_pitch",
      "label": "Microtubule Topological Pitch",
      "wl_code": "\n                With[{b3 = 24, kg = 12.318},\n                     b3 / (kg / Pi)]\n            ",
      "result": "[Mock] ~13 (protofilaments)",
      "hash": "f081fd9e65b05198",
      "timestamp": "2025-12-29T15:39:58.274347",
      "verified": false
    }
  ]
}