{
  "version": "16.2",
  "generated": "2025-12-29T01:51:00.194960Z",
  "total_scripts": 122,
  "categories": {
    "Ad-Hoc / Experimental": {
      "title": "Ad-Hoc / Experimental",
      "path": "simulations/",
      "scripts": [
        {
          "file": "generate_pm_plots_v16_1.py",
          "path": "simulations/generate_pm_plots_v16_1.py",
          "version": "16.1",
          "title": null,
          "description": "PM Publication Plots v16.1",
          "status": null
        },
        {
          "file": "hubble_tension_resolver_v16_1.py",
          "path": "simulations/hubble_tension_resolver_v16_1.py",
          "version": "16.1",
          "title": null,
          "description": "Hubble Tension Resolver v16.1",
          "status": null
        },
        {
          "file": "pm_config_v16_1.py",
          "path": "simulations/pm_config_v16_1.py",
          "version": "16.1",
          "title": null,
          "description": "PM Config v16.1 - High-Precision Simulation Configuration",
          "status": null
        },
        {
          "file": "wolfram_validator_v16.py",
          "path": "simulations/wolfram_validator_v16.py",
          "version": "16.0",
          "title": "Wolfram Alpha Validation Framework",
          "description": "Provides symbolic validation of PM physics formulas against established",
          "status": null
        },
        {
          "file": "baryogenesis_calculator.py",
          "path": "simulations/baryogenesis_calculator.py",
          "version": null,
          "title": null,
          "description": "Baryogenesis Calculator - Leptogenesis from G2 CP Violation",
          "status": null
        },
        {
          "file": "dm_direct_detection_limits.py",
          "path": "simulations/dm_direct_detection_limits.py",
          "version": null,
          "title": null,
          "description": "Dark Matter Direct Detection Limits",
          "status": null
        },
        {
          "file": "global_validator.py",
          "path": "simulations/global_validator.py",
          "version": null,
          "title": null,
          "description": "Global Validator for Principia Metaphysica Simulation Outputs",
          "status": null
        },
        {
          "file": "initialize_pm_framework.py",
          "path": "simulations/initialize_pm_framework.py",
          "version": null,
          "title": null,
          "description": "Principia Metaphysica Framework Initialization",
          "status": null
        },
        {
          "file": "post_processing.py",
          "path": "simulations/post_processing.py",
          "version": null,
          "title": null,
          "description": "Post-Processing Validation for Principia Metaphysica",
          "status": null
        },
        {
          "file": "publication_plotter.py",
          "path": "simulations/publication_plotter.py",
          "version": null,
          "title": null,
          "description": "Publication Plotter - High-Quality Scientific Graphics",
          "status": null
        },
        {
          "file": "renormalization_group_runner.py",
          "path": "simulations/renormalization_group_runner.py",
          "version": null,
          "title": null,
          "description": "Renormalization Group Runner - 3-Loop Beta Function Evolution",
          "status": null
        },
        {
          "file": "renormalization_group_runner_fixed.py",
          "path": "simulations/renormalization_group_runner_fixed.py",
          "version": null,
          "title": null,
          "description": "Renormalization Group Runner - FIXED VERSION - 2-Loop Beta Function Evolution",
          "status": null
        },
        {
          "file": "secrets_config.py",
          "path": "simulations/secrets_config.py",
          "version": null,
          "title": null,
          "description": "SECRETS CONFIGURATION - DO NOT COMMIT TO GIT",
          "status": null
        },
        {
          "file": "symbolic_lagrangian_bridge.py",
          "path": "simulations/symbolic_lagrangian_bridge.py",
          "version": null,
          "title": "Symbolic Lagrangian Bridge",
          "description": "Derives field equations from the G2 Master Action using the Wolfram Alpha",
          "status": null
        },
        {
          "file": "test_vacuum_stability_integration.py",
          "path": "simulations/test_vacuum_stability_integration.py",
          "version": null,
          "title": null,
          "description": "Test integration between vacuum_stability_monitor.py and vacuum_stability_derivations.py",
          "status": null
        },
        {
          "file": "vacuum_stability_monitor.py",
          "path": "simulations/vacuum_stability_monitor.py",
          "version": null,
          "title": null,
          "description": "Vacuum Stability Monitor - Coleman-De Luccia Instanton Analysis",
          "status": null
        },
        {
          "file": "validate_all.py",
          "path": "simulations/validate_all.py",
          "version": null,
          "title": null,
          "description": "Principia Metaphysica - Comprehensive Validation Suite",
          "status": null
        },
        {
          "file": "validate_rg_ghost_sector.py",
          "path": "simulations/validate_rg_ghost_sector.py",
          "version": null,
          "title": null,
          "description": "Validation Script for RG Ghost Sector Implementation",
          "status": null
        },
        {
          "file": "wolfram_cloud_audit.py",
          "path": "simulations/wolfram_cloud_audit.py",
          "version": null,
          "title": "Wolfram Cloud Formal Audit",
          "description": "Uses the Wolfram Language (WL) API for formal symbolic derivations.",
          "status": null
        }
      ],
      "count": 19
    },
    "G2 Geometry": {
      "title": "G2 Geometry",
      "path": "simulations/",
      "scripts": [
        {
          "file": "g2_dynamical_flow_v16_2.py",
          "path": "simulations/g2_dynamical_flow_v16_2.py",
          "version": "16.2",
          "title": "G₂ Dynamical Flow",
          "description": "Implements dynamical dark energy w(z) from G₂-Ricci flow stabilization.",
          "status": null
        },
        {
          "file": "geometric_anchors_v16_1.py",
          "path": "simulations/geometric_anchors_v16_1.py",
          "version": "16.1",
          "title": null,
          "description": "Geometric Anchors v16.1 - First Principles Parameter Derivation",
          "status": null
        },
        {
          "file": "kahler_metric_geometry.py",
          "path": "simulations/kahler_metric_geometry.py",
          "version": null,
          "title": null,
          "description": "Kahler Metric Geometry - Moduli Space Cross-Talk",
          "status": null
        }
      ],
      "count": 3
    },
    "Neutrino Physics": {
      "title": "Neutrino Physics",
      "path": "simulations/",
      "scripts": [
        {
          "file": "neutrino_seesaw_solver.py",
          "path": "simulations/neutrino_seesaw_solver.py",
          "version": null,
          "title": null,
          "description": "Neutrino Seesaw Solver - Type-I Seesaw Mechanism",
          "status": null
        }
      ],
      "count": 1
    },
    "Quantum Biology": {
      "title": "Quantum Biology",
      "path": "simulations/",
      "scripts": [
        {
          "file": "quantum_decoherence_solver.py",
          "path": "simulations/quantum_decoherence_solver.py",
          "version": null,
          "title": null,
          "description": "Quantum Decoherence Solver - Thermal Noise and Topological Protection",
          "status": null
        }
      ],
      "count": 1
    },
    "Constants & Utilities": {
      "title": "Constants & Utilities",
      "path": "simulations/",
      "scripts": [
        {
          "file": "ip_protector_v16.py",
          "path": "simulations/ip/ip_protector_v16.py",
          "version": "16.0",
          "title": null,
          "description": "IP Protection and Citation Manager for Principia Metaphysica v16.2",
          "status": null
        },
        {
          "file": "report_generator_v16.py",
          "path": "simulations/reports/report_generator_v16.py",
          "version": "16.0",
          "title": null,
          "description": "Technical Summary Report Generator v16.0",
          "status": null
        },
        {
          "file": "add_missing_params.py",
          "path": "simulations/Constants/ad-hoc/add_missing_params.py",
          "version": null,
          "title": null,
          "description": "Add Missing Parameters to theory_output.json",
          "status": null
        },
        {
          "file": "baryogenesis_derivations.py",
          "path": "simulations/derivations/baryogenesis_derivations.py",
          "version": null,
          "title": null,
          "description": "Baryogenesis Derivations - Wolfram Alpha Chain for Leptogenesis",
          "status": null
        },
        {
          "file": "cosmology_derivations.py",
          "path": "simulations/derivations/cosmology_derivations.py",
          "version": null,
          "title": null,
          "description": "COSMOLOGY DERIVATION CHAIN - Principia Metaphysica",
          "status": null
        },
        {
          "file": "dark_matter_derivations.py",
          "path": "simulations/derivations/dark_matter_derivations.py",
          "version": null,
          "title": null,
          "description": "Dark Matter Derivations - Wolfram Alpha Chain for Mirror Sector DM",
          "status": null
        },
        {
          "file": "discovery_hash_registry.py",
          "path": "simulations/ip/discovery_hash_registry.py",
          "version": null,
          "title": null,
          "description": "Discovery Hash Registry for Intellectual Property Protection",
          "status": null
        },
        {
          "file": "established.py",
          "path": "simulations/base/established.py",
          "version": null,
          "title": null,
          "description": "Established Physics Loader for Principia Metaphysica",
          "status": null
        },
        {
          "file": "experimental_data_loader.py",
          "path": "simulations/data/experimental_data_loader.py",
          "version": null,
          "title": null,
          "description": "Experimental Data Loader for Principia Metaphysica",
          "status": null
        },
        {
          "file": "extract_supplementary.py",
          "path": "simulations/Constants/extract_supplementary.py",
          "version": null,
          "title": null,
          "description": "Extract Supplementary Content to JSON",
          "status": null
        },
        {
          "file": "fermion_derivations.py",
          "path": "simulations/derivations/fermion_derivations.py",
          "version": null,
          "title": null,
          "description": "Fermion Sector Wolfram Alpha Derivation Chain",
          "status": null
        },
        {
          "file": "formulas.py",
          "path": "simulations/base/formulas.py",
          "version": null,
          "title": null,
          "description": "Formula Registry for Principia Metaphysica",
          "status": null
        },
        {
          "file": "g2_geometry_derivations.py",
          "path": "simulations/derivations/g2_geometry_derivations.py",
          "version": null,
          "title": "G₂ GEOMETRY DERIVATION CHAIN",
          "description": "Comprehensive Wolfram Alpha derivation chain for G₂ manifold geometry",
          "status": null
        },
        {
          "file": "gauge_derivations.py",
          "path": "simulations/derivations/gauge_derivations.py",
          "version": null,
          "title": null,
          "description": "GAUGE SECTOR DERIVATION CHAIN - Wolfram Alpha Validation",
          "status": null
        },
        {
          "file": "generate_simulations_index.py",
          "path": "simulations/Constants/generate_simulations_index.py",
          "version": null,
          "title": "Simulations Index Generator",
          "description": "Auto-generates simulations-index.json by scanning simulations directory.",
          "status": null
        },
        {
          "file": "geometric_anchors_derivations.py",
          "path": "simulations/derivations/geometric_anchors_derivations.py",
          "version": null,
          "title": "Geometric Anchors Derivation Chains",
          "description": "Complete algebraic derivation chains for all 13 geometric parameters",
          "status": null
        },
        {
          "file": "higgs_derivations.py",
          "path": "simulations/derivations/higgs_derivations.py",
          "version": null,
          "title": null,
          "description": "Higgs Sector Derivations - Wolfram Alpha Chain",
          "status": null
        },
        {
          "file": "html_to_section_json.py",
          "path": "simulations/Constants/ad-hoc/html_to_section_json.py",
          "version": null,
          "title": null,
          "description": "HTML to Section JSON Converter",
          "status": null
        },
        {
          "file": "injector.py",
          "path": "simulations/base/injector.py",
          "version": null,
          "title": null,
          "description": "Injection Utilities",
          "status": null
        },
        {
          "file": "master_action_derivations.py",
          "path": "simulations/derivations/master_action_derivations.py",
          "version": null,
          "title": null,
          "description": "Master Action Compactification Derivations",
          "status": null
        },
        {
          "file": "merge_sections_to_theory.py",
          "path": "simulations/Constants/ad-hoc/merge_sections_to_theory.py",
          "version": null,
          "title": null,
          "description": "Merge Section JSONs into theory_output.json",
          "status": null
        },
        {
          "file": "neutrino_derivations.py",
          "path": "simulations/derivations/neutrino_derivations.py",
          "version": null,
          "title": "Neutrino Physics Wolfram Alpha Derivation Chain",
          "description": "Complete derivation chain for neutrino physics predictions:",
          "status": null
        },
        {
          "file": "quantum_bio_derivations.py",
          "path": "simulations/derivations/quantum_bio_derivations.py",
          "version": null,
          "title": null,
          "description": "Quantum Biology Derivations - Penrose-Hameroff Orch-OR Mechanism",
          "status": null
        },
        {
          "file": "registry.py",
          "path": "simulations/base/registry.py",
          "version": null,
          "title": null,
          "description": "PMRegistry - Central Parameter, Formula, and Section Registry",
          "status": null
        },
        {
          "file": "schema.py",
          "path": "simulations/base/schema.py",
          "version": null,
          "title": null,
          "description": "Simulation Return Schema",
          "status": null
        },
        {
          "file": "section_schema.py",
          "path": "simulations/Constants/section_schema.py",
          "version": null,
          "title": null,
          "description": "Principia Metaphysica - Section JSON Schema",
          "status": null
        },
        {
          "file": "sections.py",
          "path": "simulations/base/sections.py",
          "version": null,
          "title": null,
          "description": "Section Registry for Principia Metaphysica",
          "status": null
        },
        {
          "file": "simulation_base.py",
          "path": "simulations/base/simulation_base.py",
          "version": null,
          "title": null,
          "description": "Simulation Base Classes",
          "status": null
        },
        {
          "file": "split_theory_output.py",
          "path": "simulations/Constants/split_theory_output.py",
          "version": null,
          "title": null,
          "description": "Split theory_output.json into Cacheable Components",
          "status": null
        },
        {
          "file": "test_baryogenesis_derivations.py",
          "path": "simulations/derivations/test_baryogenesis_derivations.py",
          "version": null,
          "title": null,
          "description": "Test Suite for Baryogenesis Derivations",
          "status": null
        },
        {
          "file": "test_report_generator.py",
          "path": "simulations/reports/test_report_generator.py",
          "version": null,
          "title": null,
          "description": "Test Script for report_generator_v16.py",
          "status": null
        },
        {
          "file": "update_sections_metadata.py",
          "path": "simulations/Constants/ad-hoc/update_sections_metadata.py",
          "version": null,
          "title": null,
          "description": "Update sections metadata in theory_output.json",
          "status": null
        },
        {
          "file": "update_values.py",
          "path": "simulations/Constants/ad-hoc/update_values.py",
          "version": null,
          "title": null,
          "description": "Helper script to update the gauge unification values in the HTML file",
          "status": null
        },
        {
          "file": "vacuum_stability_derivations.py",
          "path": "simulations/derivations/vacuum_stability_derivations.py",
          "version": null,
          "title": null,
          "description": "VACUUM STABILITY DERIVATIONS - Wolfram Alpha Integration",
          "status": null
        },
        {
          "file": "validate_chain.py",
          "path": "simulations/derivations/validate_chain.py",
          "version": null,
          "title": null,
          "description": "Validation Script for Cosmology Derivation Chain",
          "status": null
        },
        {
          "file": "validate_dark_matter.py",
          "path": "simulations/derivations/validate_dark_matter.py",
          "version": null,
          "title": null,
          "description": "Dark Matter Derivation Validation Script",
          "status": null
        },
        {
          "file": "validate_geometric_anchors.py",
          "path": "simulations/derivations/validate_geometric_anchors.py",
          "version": null,
          "title": null,
          "description": "Quick validation script for geometric anchors derivations.",
          "status": null
        },
        {
          "file": "validator.py",
          "path": "simulations/base/validator.py",
          "version": null,
          "title": null,
          "description": "Validation Utilities",
          "status": null
        },
        {
          "file": "verify_hashes.py",
          "path": "simulations/ip/verify_hashes.py",
          "version": null,
          "title": null,
          "description": "Verification script for discovery hash registry.",
          "status": null
        }
      ],
      "count": 39
    },
    "Validation": {
      "title": "Validation",
      "path": "simulations/",
      "scripts": [
        {
          "file": "rigorous_validator_v16_1.py",
          "path": "simulations/v16/validation/rigorous_validator_v16_1.py",
          "version": "16.1",
          "title": "Rigorous Validation Against Latest Observational Data",
          "description": "Validates PM v16.1 predictions against the latest experimental and observational data:",
          "status": null
        },
        {
          "file": "add_simulation_links_to_theory.py",
          "path": "simulations/validation/add_simulation_links_to_theory.py",
          "version": null,
          "title": null,
          "description": "Add Simulation File Links to theory_output.json",
          "status": null
        },
        {
          "file": "conftest.py",
          "path": "simulations/tests/conftest.py",
          "version": null,
          "title": null,
          "description": "Pytest Configuration for Principia Metaphysica Tests",
          "status": null
        },
        {
          "file": "example_usage.py",
          "path": "simulations/v16/validation/example_usage.py",
          "version": null,
          "title": null,
          "description": "Example usage of RigorousValidatorV16_1",
          "status": null
        },
        {
          "file": "test_data_loader.py",
          "path": "simulations/tests/test_data_loader.py",
          "version": null,
          "title": null,
          "description": "Comprehensive Unit Tests for ExperimentalDataLoader",
          "status": null
        },
        {
          "file": "test_gauge_invariance.py",
          "path": "simulations/tests/test_gauge_invariance.py",
          "version": null,
          "title": null,
          "description": "Gauge Invariance Tests for Principia Metaphysica Theory",
          "status": null
        },
        {
          "file": "test_registry.py",
          "path": "simulations/tests/test_registry.py",
          "version": null,
          "title": null,
          "description": "Comprehensive Unit Tests for PMRegistry",
          "status": null
        },
        {
          "file": "validate_bidirectional_links.py",
          "path": "simulations/validation/validate_bidirectional_links.py",
          "version": null,
          "title": null,
          "description": "Validate Bi-directional Links in theory_output.json",
          "status": null
        },
        {
          "file": "validate_bindings_final.py",
          "path": "simulations/validation/validate_bindings_final.py",
          "version": null,
          "title": null,
          "description": "PM Binding Validation Script",
          "status": null
        },
        {
          "file": "validate_content_migration.py",
          "path": "simulations/validation/deprecated/validate_content_migration.py",
          "version": null,
          "title": null,
          "description": "Content Validation Script - Verify all old paper content exists in new JSON output",
          "status": null
        },
        {
          "file": "validate_dynamic_vs_hardcoded.py",
          "path": "simulations/validation/validate_dynamic_vs_hardcoded.py",
          "version": null,
          "title": null,
          "description": "Validation script to compare dynamic content from theory_output.json",
          "status": null
        },
        {
          "file": "validate_formula_lookups.py",
          "path": "simulations/validation/validate_formula_lookups.py",
          "version": null,
          "title": null,
          "description": "Validate Formula and Parameter Lookups",
          "status": null
        },
        {
          "file": "validate_json.py",
          "path": "simulations/validation/deprecated/validate_json.py",
          "version": null,
          "title": null,
          "description": "Physics simulation module",
          "status": null
        },
        {
          "file": "validate_metadata_fix.py",
          "path": "simulations/validation/validate_metadata_fix.py",
          "version": null,
          "title": null,
          "description": "Validate that all parameter metadata has been properly fixed.",
          "status": null
        },
        {
          "file": "validate_param_references.py",
          "path": "simulations/validation/validate_param_references.py",
          "version": null,
          "title": null,
          "description": "Validate Parameter References in HTML Files",
          "status": null
        },
        {
          "file": "validate_pm_bindings.py",
          "path": "simulations/validation/deprecated/validate_pm_bindings.py",
          "version": null,
          "title": null,
          "description": "Physics simulation module",
          "status": null
        },
        {
          "file": "validate_section_references.py",
          "path": "simulations/validation/validate_section_references.py",
          "version": null,
          "title": null,
          "description": "Validate that all formula and parameter references in sections actually exist",
          "status": null
        },
        {
          "file": "validate_simulation_chain.py",
          "path": "simulations/validation/validate_simulation_chain.py",
          "version": null,
          "title": null,
          "description": "Principia Metaphysica - Simulation Chain Validator",
          "status": null
        },
        {
          "file": "validate_simulation_links.py",
          "path": "simulations/validation/validate_simulation_links.py",
          "version": null,
          "title": null,
          "description": "Simulation Link Validation Script",
          "status": null
        },
        {
          "file": "validate_theory_output.py",
          "path": "simulations/validation/validate_theory_output.py",
          "version": null,
          "title": null,
          "description": "Principia Metaphysica - Theory Output Validator",
          "status": null
        },
        {
          "file": "verify_content_migration.py",
          "path": "simulations/validation/verify_content_migration.py",
          "version": null,
          "title": null,
          "description": "Content Migration Verification Script",
          "status": null
        }
      ],
      "count": 21
    },
    "Core Physics": {
      "title": "Core Physics",
      "path": "simulations/",
      "scripts": [
        {
          "file": "rigor_covariance_v16_1.py",
          "path": "simulations/v16/statistics/rigor_covariance_v16_1.py",
          "version": "16.1",
          "title": "Rigorous Covariance Matrix Analysis",
          "description": "This module implements proper statistical analysis with full covariance matrices",
          "status": null
        },
        {
          "file": "s8_suppression_v16_1.py",
          "path": "simulations/v16/cosmology/s8_suppression_v16_1.py",
          "version": "16.1",
          "title": null,
          "description": "S8 Tension Resolution via Dynamical Dark Energy v16.1",
          "status": null
        },
        {
          "file": "appendix_a_math_v16_0.py",
          "path": "simulations/v16/appendices/appendix_a_math_v16_0.py",
          "version": "16.0",
          "title": null,
          "description": "Appendix A: Mathematical Foundations v16.0",
          "status": null
        },
        {
          "file": "appendix_b_methods_v16_0.py",
          "path": "simulations/v16/appendices/appendix_b_methods_v16_0.py",
          "version": "16.0",
          "title": null,
          "description": "Appendix B: Computational Methods v16.0",
          "status": null
        },
        {
          "file": "appendix_c_derivations_v16_0.py",
          "path": "simulations/v16/appendices/appendix_c_derivations_v16_0.py",
          "version": "16.0",
          "title": null,
          "description": "Appendix C: Extended Derivations v16.0",
          "status": null
        },
        {
          "file": "appendix_d_tables_v16_0.py",
          "path": "simulations/v16/appendices/appendix_d_tables_v16_0.py",
          "version": "16.0",
          "title": null,
          "description": "Appendix D: Parameter Tables v16.0",
          "status": null
        },
        {
          "file": "appendix_e_proton_v16_0.py",
          "path": "simulations/v16/appendices/appendix_e_proton_v16_0.py",
          "version": "16.0",
          "title": null,
          "description": "Appendix E: Proton Decay Calculation v16.0",
          "status": null
        },
        {
          "file": "appendix_f_v16_0.py",
          "path": "simulations/v16/appendices/appendix_f_v16_0.py",
          "version": "16.0",
          "title": null,
          "description": "Appendix F: Dimensional Decomposition v16.0",
          "status": null
        },
        {
          "file": "appendix_g_v16_0.py",
          "path": "simulations/v16/appendices/appendix_g_v16_0.py",
          "version": "16.0",
          "title": null,
          "description": "Appendix G: Effective Torsion from Flux Quantization v16.0",
          "status": null
        },
        {
          "file": "appendix_h_v16_0.py",
          "path": "simulations/v16/appendices/appendix_h_v16_0.py",
          "version": "16.0",
          "title": null,
          "description": "Appendix H: Proton Decay Branching Ratio v16.0",
          "status": "GEOMETRIC"
        },
        {
          "file": "appendix_i_v16_0.py",
          "path": "simulations/v16/appendices/appendix_i_v16_0.py",
          "version": "16.0",
          "title": null,
          "description": "Appendix I: Gravitational Wave Dispersion v16.0",
          "status": null
        },
        {
          "file": "appendix_j_v16_0.py",
          "path": "simulations/v16/appendices/appendix_j_v16_0.py",
          "version": "16.0",
          "title": null,
          "description": "Appendix J: Monte Carlo Error Propagation v16.0",
          "status": null
        },
        {
          "file": "appendix_k_v16_0.py",
          "path": "simulations/v16/appendices/appendix_k_v16_0.py",
          "version": "16.0",
          "title": null,
          "description": "Appendix K: Transparency Statement v16.0",
          "status": null
        },
        {
          "file": "appendix_l_v16_0.py",
          "path": "simulations/v16/appendices/appendix_l_v16_0.py",
          "version": "16.0",
          "title": null,
          "description": "Appendix L: Complete PM Values Summary v16.0",
          "status": null
        },
        {
          "file": "appendix_m_v16_0.py",
          "path": "simulations/v16/appendices/appendix_m_v16_0.py",
          "version": "16.0",
          "title": null,
          "description": "Appendix M: Speculative Extensions - Consciousness and the Pneuma Vacuum v16.0",
          "status": null
        },
        {
          "file": "appendix_n_v16_0.py",
          "path": "simulations/v16/appendices/appendix_n_v16_0.py",
          "version": "16.0",
          "title": null,
          "description": "Appendix N: G2 Topology Landscape v16.0",
          "status": null
        },
        {
          "file": "chirality_v16_0.py",
          "path": "simulations/v16/fermion/chirality_v16_0.py",
          "version": "16.0",
          "title": null,
          "description": "Chirality and Spinorial Structure v16.0",
          "status": null
        },
        {
          "file": "ckm_matrix_v16_0.py",
          "path": "simulations/v16/fermion/ckm_matrix_v16_0.py",
          "version": "16.0",
          "title": null,
          "description": "Physics simulation module",
          "status": null
        },
        {
          "file": "cosmology_intro_v16_0.py",
          "path": "simulations/v16/cosmology/cosmology_intro_v16_0.py",
          "version": "16.0",
          "title": null,
          "description": "Cosmological Framework Introduction v16.0",
          "status": null
        },
        {
          "file": "dark_energy_v16_0.py",
          "path": "simulations/v16/cosmology/dark_energy_v16_0.py",
          "version": "16.0",
          "title": null,
          "description": "Dark Energy from Dimensional Reduction v16.0",
          "status": null
        },
        {
          "file": "discussion_v16_0.py",
          "path": "simulations/v16/discussion/discussion_v16_0.py",
          "version": "16.0",
          "title": "Discussion, Conclusions, and Theory Analysis",
          "description": "Licensed under the MIT License. See LICENSE file for details.",
          "status": null
        },
        {
          "file": "fermion_generations_v16_0.py",
          "path": "simulations/v16/fermion/fermion_generations_v16_0.py",
          "version": "16.0",
          "title": null,
          "description": "Fermion Generations v16.0 - Three Generations from G2 Topology",
          "status": null
        },
        {
          "file": "g2_geometry_v16_0.py",
          "path": "simulations/v16/geometric/g2_geometry_v16_0.py",
          "version": "16.0",
          "title": "G2 Geometry and Topology",
          "description": "Licensed under the MIT License. See LICENSE file for details.",
          "status": null
        },
        {
          "file": "gauge_unification_v16_0.py",
          "path": "simulations/v16/gauge/gauge_unification_v16_0.py",
          "version": "16.0",
          "title": null,
          "description": "Gauge Unification Simulation v16.0",
          "status": null
        },
        {
          "file": "higgs_mass_v16_0.py",
          "path": "simulations/v16/higgs/higgs_mass_v16_0.py",
          "version": "16.0",
          "title": null,
          "description": "Higgs Mass Simulation v16.0",
          "status": null
        },
        {
          "file": "introduction_v16_0.py",
          "path": "simulations/v16/introduction/introduction_v16_0.py",
          "version": "16.0",
          "title": "Introduction",
          "description": "Licensed under the MIT License. See LICENSE file for details.",
          "status": null
        },
        {
          "file": "multi_sector_v16_0.py",
          "path": "simulations/v16/cosmology/multi_sector_v16_0.py",
          "version": "16.0",
          "title": null,
          "description": "Multi-Sector Cosmology v16.0",
          "status": null
        },
        {
          "file": "neutrino_mixing_v16_0.py",
          "path": "simulations/v16/neutrino/neutrino_mixing_v16_0.py",
          "version": "16.0",
          "title": null,
          "description": "Physics simulation module",
          "status": null
        },
        {
          "file": "pneuma_mechanism_v16_0.py",
          "path": "simulations/v16/pneuma/pneuma_mechanism_v16_0.py",
          "version": "16.0",
          "title": "Pneuma Mechanism (Geometric Framework)",
          "description": "Licensed under the MIT License. See LICENSE file for details.",
          "status": null
        },
        {
          "file": "predictions_aggregator_v16_0.py",
          "path": "simulations/v16/predictions/predictions_aggregator_v16_0.py",
          "version": "16.0",
          "title": "Predictions Aggregator",
          "description": "Licensed under the MIT License. See LICENSE file for details.",
          "status": "PREDICTION"
        },
        {
          "file": "proton_decay_v16_0.py",
          "path": "simulations/v16/proton/proton_decay_v16_0.py",
          "version": "16.0",
          "title": null,
          "description": "Proton Decay Simulation v16.0",
          "status": null
        },
        {
          "file": "thermal_time_v16_0.py",
          "path": "simulations/v16/thermal/thermal_time_v16_0.py",
          "version": "16.0",
          "title": "Thermal Time Hypothesis",
          "description": "Licensed under the MIT License. See LICENSE file for details.",
          "status": null
        },
        {
          "file": "example_integration.py",
          "path": "simulations/v16/statistics/example_integration.py",
          "version": null,
          "title": null,
          "description": "Example: Integration of Covariance Analysis in PM Workflow",
          "status": null
        },
        {
          "file": "g2_ricci_flow_rigorous.py",
          "path": "simulations/v16/geometric/g2_ricci_flow_rigorous.py",
          "version": null,
          "title": "Rigorous G₂ Ricci Flow with Torsion Monitoring",
          "description": "Rigorous numerical implementation of G₂ Ricci flow with continuous torsion",
          "status": null
        },
        {
          "file": "jacobian_mathematical_validation.py",
          "path": "simulations/v16/cosmology/jacobian_mathematical_validation.py",
          "version": null,
          "title": null,
          "description": "Mathematical Validation of G2 Moduli Space Jacobian",
          "status": null
        },
        {
          "file": "test_complete_validation.py",
          "path": "simulations/v16/cosmology/test_complete_validation.py",
          "version": null,
          "title": null,
          "description": "Complete Validation Test Suite for Multi-Sector Jacobian Implementation",
          "status": null
        },
        {
          "file": "test_covariance_data.py",
          "path": "simulations/v16/statistics/test_covariance_data.py",
          "version": null,
          "title": null,
          "description": "Test script for covariance matrix data validation.",
          "status": null
        },
        {
          "file": "test_jacobian_analysis.py",
          "path": "simulations/v16/cosmology/test_jacobian_analysis.py",
          "version": null,
          "title": null,
          "description": "Test and analyze different Jacobian formulations for G2 moduli space sampling.",
          "status": null
        }
      ],
      "count": 38
    }
  }
}