{
  "run_date": "2025-12-29",
  "version": "16.2",
  "tests_passed": 27,
  "tests_total": 27,
  "test_categories": {
    "fundamental_constants": {
      "passed": 5,
      "total": 5,
      "tests": [
        "alpha_derivation",
        "coupling_consistency",
        "numerical_precision",
        "parameter_bounds",
        "convergence_criteria"
      ]
    },
    "cosmological_framework": {
      "passed": 8,
      "total": 8,
      "tests": [
        "hubble_evolution",
        "redshift_consistency",
        "density_parameters",
        "age_of_universe",
        "critical_density",
        "matter_radiation_equality",
        "cosmological_constant",
        "expansion_rate"
      ]
    },
    "quantum_corrections": {
      "passed": 7,
      "total": 7,
      "tests": [
        "vacuum_energy",
        "zero_point_corrections",
        "quantum_field_contributions",
        "renormalization_group",
        "running_couplings",
        "effective_field_theory",
        "unitarity_bounds"
      ]
    },
    "numerical_validation": {
      "passed": 7,
      "total": 7,
      "tests": [
        "symbolic_computation",
        "high_precision_arithmetic",
        "convergence_analysis",
        "error_propagation",
        "stability_checks",
        "boundary_conditions",
        "integration_accuracy"
      ]
    }
  },
  "wolfram_verified": true,
  "wolfram_engine_version": "13.3",
  "precision_bits": 128,
  "notes": "All consistency checks passed for PM v16.2 framework"
}
