{
  "description": "Hubble parameter evolution from PM v16.2",
  "version": "16.2",
  "generated": "2025-12-29",
  "z_values": [
    0.0, 0.1, 0.2, 0.3, 0.4, 0.5, 0.6, 0.7, 0.8, 0.9,
    1.0, 1.1, 1.2, 1.3, 1.4, 1.5, 1.6, 1.7, 1.8, 1.9, 2.0
  ],
  "H_values": [
    73.08, 75.2, 78.1, 81.5, 85.2, 89.3, 93.8, 98.7, 104.0, 109.7,
    115.8, 122.3, 129.2, 136.5, 144.2, 152.3, 160.8, 169.7, 179.0, 188.7, 198.8
  ],
  "units": "km/s/Mpc",
  "notes": "Pre-calculated using PM cosmological framework with quantum-derived coupling constants"
}
