{
  "version": "16.0",
  "timestamp": "2025-12-29T11:08:46.219966",
  "validation": {
    "timestamp": "2025-12-29T11:08:46.128327",
    "simulations_run": 31,
    "simulations_passed": 31,
    "simulations_failed": 0,
    "simulations_skipped": 0,
    "total_execution_time_ms": 91.106,
    "uq_mode_enabled": false,
    "tensions": [],
    "results": [
      {
        "simulation_id": "introduction_v16_0",
        "phase": 0,
        "status": "PASSED",
        "execution_time_ms": 0.49200000000000005,
        "outputs_computed": []
      },
      {
        "simulation_id": "g2_geometry_v16_0",
        "phase": 1,
        "status": "PASSED",
        "execution_time_ms": 0.619,
        "outputs_computed": [
          "topology.b2",
          "topology.b3",
          "topology.chi_eff",
          "topology.n_gen",
          "topology.K_MATCHING",
          "topology.d_over_R",
          "_holonomy_valid",
          "_betti_numbers",
          "_chi_topological"
        ]
      },
      {
        "simulation_id": "gauge_unification_v16_0",
        "phase": 1,
        "status": "PASSED",
        "execution_time_ms": 73.374,
        "outputs_computed": [
          "gauge.M_GUT",
          "gauge.M_GUT_GEOMETRIC",
          "gauge.ALPHA_GUT",
          "gauge.ALPHA_GUT_INV",
          "gauge.ALPHA_GUT_GEOMETRIC",
          "gauge.sin2_theta_W_gut"
        ]
      },
      {
        "simulation_id": "fermion_generations_v16_0",
        "phase": 2,
        "status": "PASSED",
        "execution_time_ms": 0.061,
        "outputs_computed": [
          "fermion.n_generations",
          "fermion.yukawa_hierarchy",
          "fermion.chiral_filter_strength",
          "fermion.n_flux",
          "fermion.epsilon_fn",
          "_chi_eff",
          "_b3",
          "_spinor_dof",
          "_is_exact",
          "_matches_observed",
          "_lambda_curvature"
        ]
      },
      {
        "simulation_id": "chirality_v16_0",
        "phase": 2,
        "status": "PASSED",
        "execution_time_ms": 0.525,
        "outputs_computed": [
          "chirality.spinor_dimension",
          "chirality.preserved_spinors",
          "chirality.chiral_index",
          "chirality.zero_modes_left",
          "chirality.zero_modes_right",
          "chirality.imbalance",
          "chirality.generation_count",
          "chirality.saturation_ratio",
          "_chi_eff",
          "_b3",
          "_is_integer_generations",
          "_is_complete_saturation",
          "_matches_observed"
        ]
      },
      {
        "simulation_id": "ckm_matrix_v16_0",
        "phase": 2,
        "status": "PASSED",
        "execution_time_ms": 0.124,
        "outputs_computed": [
          "ckm.V_us",
          "ckm.V_cb",
          "ckm.V_ub",
          "ckm.V_td",
          "ckm.V_ts",
          "ckm.V_tb",
          "ckm.V_ud",
          "ckm.V_cd",
          "ckm.V_cs",
          "ckm.jarlskog_invariant",
          "ckm.lambda_wolfenstein",
          "ckm.A_wolfenstein",
          "ckm.rho_wolfenstein",
          "ckm.eta_wolfenstein",
          "ckm.delta_cp",
          "ckm.unitarity_test",
          "ckm.unitarity_row1",
          "ckm.unitarity_col1",
          "_V_us_sigma",
          "_V_cb_sigma",
          "_V_ub_sigma",
          "_V_td_sigma",
          "_V_ts_sigma",
          "_V_tb_sigma",
          "_J_sigma",
          "_all_within_3sigma",
          "_epsilon",
          "_K_matching"
        ]
      },
      {
        "simulation_id": "proton_decay_v16_0",
        "phase": 2,
        "status": "PASSED",
        "execution_time_ms": 0.046,
        "outputs_computed": [
          "proton_decay.tau_p_years",
          "proton_decay.tau_p_base",
          "proton_decay.d_over_R",
          "proton_decay.suppression_factor",
          "proton_decay.super_k_ratio",
          "proton_decay.above_bound",
          "proton_decay.br_e_pi0",
          "proton_decay.status"
        ]
      },
      {
        "simulation_id": "higgs_mass_v16_0",
        "phase": 2,
        "status": "PASSED",
        "execution_time_ms": 0.064,
        "outputs_computed": [
          "higgs.m_higgs_pred",
          "higgs.m_higgs_geometric",
          "higgs.vev",
          "higgs.lambda_0",
          "higgs.lambda_eff_pheno",
          "higgs.lambda_eff_geometric",
          "moduli.stabilization_status",
          "higgs.quartic_correction"
        ]
      },
      {
        "simulation_id": "cosmology_intro_v16_0",
        "phase": 3,
        "status": "PASSED",
        "execution_time_ms": 0.062,
        "outputs_computed": [
          "cosmology.M_Pl_4D",
          "cosmology.V_9_internal",
          "cosmology.breathing_mode_vev",
          "cosmology.epsilon_KK",
          "cosmology.D_eff_shadow",
          "cosmology.brane_tension_5_2",
          "cosmology.pneuma_components_4D"
        ]
      },
      {
        "simulation_id": "dark_energy_v16_0",
        "phase": 3,
        "status": "PASSED",
        "execution_time_ms": 0.08600000000000001,
        "outputs_computed": [
          "cosmology.w0_derived",
          "cosmology.wa_derived",
          "cosmology.D_eff",
          "cosmology.alpha_shadow",
          "cosmology.w0_deviation",
          "cosmology.w0_validation"
        ]
      },
      {
        "simulation_id": "s8_suppression_v16_1",
        "phase": 3,
        "status": "PASSED",
        "execution_time_ms": 1.408,
        "outputs_computed": [
          "cosmology.s8_pm_predicted",
          "cosmology.s8_suppression_factor",
          "cosmology.growth_index_pm",
          "cosmology.growth_index_lcdm",
          "cosmology.s8_tension_kids",
          "cosmology.s8_tension_des",
          "cosmology.s8_tension_planck",
          "cosmology.s8_improvement_factor"
        ]
      },
      {
        "simulation_id": "neutrino_mixing_v16_0",
        "phase": 3,
        "status": "PASSED",
        "execution_time_ms": 0.08,
        "outputs_computed": [
          "neutrino.theta_12_pred",
          "neutrino.theta_13_pred",
          "neutrino.theta_23_pred",
          "neutrino.delta_CP_pred"
        ]
      },
      {
        "simulation_id": "multi_sector_v16_0",
        "phase": 3,
        "status": "PASSED",
        "execution_time_ms": 0.131,
        "outputs_computed": [
          "cosmology.w_eff",
          "cosmology.Omega_DM_over_b",
          "cosmology.T_mirror_ratio",
          "cosmology.modulation_width",
          "cosmology.sm_weight",
          "cosmology.mirror_weight",
          "cosmology.hierarchy_ratio"
        ]
      },
      {
        "simulation_id": "pneuma_mechanism_v16_0",
        "phase": 4,
        "status": "PASSED",
        "execution_time_ms": 0.153,
        "outputs_computed": [
          "pneuma.coupling",
          "pneuma.flow_parameter",
          "pneuma.lagrangian_valid",
          "pneuma.vev",
          "pneuma.mass_scale"
        ]
      },
      {
        "simulation_id": "thermal_time_v16_0",
        "phase": 4,
        "status": "PASSED",
        "execution_time_ms": 0.073,
        "outputs_computed": [
          "thermal.alpha_T",
          "thermal.modular_temperature",
          "thermal.entropy_gradient",
          "thermal.two_time_metric_signature"
        ]
      },
      {
        "simulation_id": "discussion_v16_0",
        "phase": 5,
        "status": "PASSED",
        "execution_time_ms": 0.103,
        "outputs_computed": []
      },
      {
        "simulation_id": "predictions_aggregator_v16_0",
        "phase": 5,
        "status": "PASSED",
        "execution_time_ms": 0.096,
        "outputs_computed": [
          "predictions.summary",
          "predictions.falsifiable_count"
        ]
      },
      {
        "simulation_id": "appendix_a_math_v16_0",
        "phase": 5,
        "status": "PASSED",
        "execution_time_ms": 0.054,
        "outputs_computed": [
          "math.g2_dimension",
          "math.spinor_dimension",
          "math.octonion_dimension",
          "math.g2_lie_dimension",
          "math.betti_sequence",
          "math.euler_characteristic",
          "math.validation_status"
        ]
      },
      {
        "simulation_id": "appendix_b_methods_v16_0",
        "phase": 5,
        "status": "PASSED",
        "execution_time_ms": 0.21800000000000003,
        "outputs_computed": [
          "methods.rg_loop_order",
          "methods.integration_method",
          "methods.convergence_criterion",
          "methods.n_kk_modes",
          "methods.threshold_scale",
          "methods.optimizer",
          "methods.max_iterations",
          "methods.tolerance",
          "methods.validation_status"
        ]
      },
      {
        "simulation_id": "appendix_c_derivations_v16_0",
        "phase": 5,
        "status": "PASSED",
        "execution_time_ms": 0.056,
        "outputs_computed": [
          "derivations.n_gen_derived",
          "derivations.generation_check",
          "derivations.d_over_R_derived",
          "derivations.separation_check",
          "derivations.validation_status"
        ]
      },
      {
        "simulation_id": "appendix_d_tables_v16_0",
        "phase": 5,
        "status": "PASSED",
        "execution_time_ms": 0.052,
        "outputs_computed": [
          "tables.n_constants",
          "tables.n_pdg_inputs",
          "tables.n_geometric",
          "tables.n_derived",
          "tables.n_predictions",
          "tables.total_parameters",
          "tables.parameter_categories",
          "tables.compilation_status"
        ]
      },
      {
        "simulation_id": "appendix_e_proton_v16_0",
        "phase": 5,
        "status": "PASSED",
        "execution_time_ms": 0.036000000000000004,
        "outputs_computed": [
          "proton_decay.BR_e_pi0",
          "proton_decay.BR_mu_pi0",
          "proton_decay.BR_nu_K",
          "_context"
        ]
      },
      {
        "simulation_id": "appendix_f_v16_0",
        "phase": 5,
        "status": "PASSED",
        "execution_time_ms": 0.034,
        "outputs_computed": [
          "dimensions.bulk_signature",
          "dimensions.shadow_signature",
          "dimensions.orientation_sum",
          "dimensions.spatial_shadow",
          "dimensions.D_critical",
          "dimensions.g2_dimensions"
        ]
      },
      {
        "simulation_id": "appendix_g_v16_0",
        "phase": 5,
        "status": "PASSED",
        "execution_time_ms": 0.043000000000000003,
        "outputs_computed": [
          "topology.N_flux",
          "topology.T_omega_topological",
          "topology.T_omega",
          "topology.spinor_fraction",
          "topology.T_omega_pheno",
          "topology.agreement_percent",
          "gw_dispersion.eta_topological",
          "gw_dispersion.eta_corrected",
          "topology.flux_divisor"
        ]
      },
      {
        "simulation_id": "appendix_h_v16_0",
        "phase": 5,
        "status": "PASSED",
        "execution_time_ms": 0.030000000000000002,
        "outputs_computed": [
          "proton_decay.BR_e_pi0",
          "proton_decay.BR_mu_pi0",
          "proton_decay.BR_nu_K",
          "proton_decay.BR_other",
          "proton_decay.orientation_sum_used",
          "proton_decay.in_literature_range",
          "proton_decay.literature_range"
        ]
      },
      {
        "simulation_id": "appendix_i_v16_0",
        "phase": 5,
        "status": "PASSED",
        "execution_time_ms": 0.031,
        "outputs_computed": [
          "gw_dispersion.eta",
          "gw_dispersion.M_GW",
          "gw_dispersion.eta_topological",
          "gw_dispersion.eta_pheno",
          "gw_dispersion.f_GW_Hz",
          "gw_dispersion.f_disp_Hz",
          "gw_dispersion.T_omega_used"
        ]
      },
      {
        "simulation_id": "appendix_j_mc_error_v16_0",
        "phase": 5,
        "status": "PASSED",
        "execution_time_ms": 12.869,
        "outputs_computed": [
          "monte_carlo.n_samples",
          "monte_carlo.n_parameters",
          "monte_carlo.mean_relative_error",
          "monte_carlo.correlation_matrix_shape",
          "monte_carlo.seed"
        ]
      },
      {
        "simulation_id": "appendix_k_transparency_v16_0",
        "phase": 5,
        "status": "PASSED",
        "execution_time_ms": 0.041999999999999996,
        "outputs_computed": [
          "validation.total_parameters",
          "validation.within_1sigma",
          "validation.within_2sigma",
          "validation.calibrated_count",
          "validation.constraints_count",
          "validation.derived_count",
          "validation.semi_derived_count",
          "validation.agreement_1sigma_pct",
          "validation.agreement_2sigma_pct"
        ]
      },
      {
        "simulation_id": "appendix_l_values_summary_v16_0",
        "phase": 5,
        "status": "PASSED",
        "execution_time_ms": 0.051,
        "outputs_computed": [
          "summary.total_parameters",
          "summary.exact_parameters",
          "summary.derived_parameters",
          "summary.topological_count",
          "summary.gauge_count",
          "summary.pmns_count",
          "summary.dark_energy_count",
          "summary.proton_decay_count",
          "summary.fermion_masses_count"
        ]
      },
      {
        "simulation_id": "appendix_m_consciousness_v16_0",
        "phase": 5,
        "status": "PASSED",
        "execution_time_ms": 0.054,
        "outputs_computed": [
          "consciousness.n_tubulins",
          "consciousness.tau_collapse_ms",
          "consciousness.E_G_joules",
          "consciousness.tau_scaling_exponent",
          "consciousness.f_base_hz",
          "consciousness.phi_peak",
          "consciousness.sigma_falloff",
          "consciousness.speculative_status"
        ]
      },
      {
        "simulation_id": "appendix_n_g2_landscape_v16_0",
        "phase": 5,
        "status": "PASSED",
        "execution_time_ms": 0.039,
        "outputs_computed": [
          "landscape.num_valid_topologies",
          "landscape.h11_min",
          "landscape.h11_max",
          "landscape.h31_min",
          "landscape.h31_max",
          "landscape.selected_h11",
          "landscape.selected_h31",
          "landscape.chi_eff_fixed",
          "landscape.n_gen_fixed",
          "landscape.variation_percent"
        ]
      }
    ]
  }
}