{
  "metadata": {
    "source": "NuFIT Collaboration",
    "version": "6.0",
    "date": "2024-11",
    "website": "http://www.nu-fit.org/",
    "paper": "NuFIT 6.0 (2024)",
    "arxiv": "2111.03086",
    "retrieved": "2025-01-15",
    "notes": "Covariance and correlation matrices for neutrino oscillation parameters",
    "ordering": "normal_ordering",
    "parameters_order": ["theta_12", "theta_13", "theta_23", "delta_CP"]
  },
  "normal_ordering": {
    "parameters": {
      "theta_12": {
        "value": 33.41,
        "uncertainty": 0.735,
        "units": "degrees",
        "description": "Solar mixing angle"
      },
      "theta_13": {
        "value": 8.58,
        "uncertainty": 0.11,
        "units": "degrees",
        "description": "Reactor mixing angle"
      },
      "theta_23": {
        "value": 42.2,
        "uncertainty": 1.0,
        "units": "degrees",
        "description": "Atmospheric mixing angle"
      },
      "delta_CP": {
        "value": 232.0,
        "uncertainty": 31.0,
        "units": "degrees",
        "description": "CP-violating phase"
      }
    },
    "correlation_matrix": {
      "description": "Correlation coefficients between parameters (dimensionless, range [-1, 1])",
      "note": "Constructed from NuFIT 6.0 global fit contours. Diagonal elements are 1.0 by definition.",
      "parameters_order": ["theta_12", "theta_13", "theta_23", "delta_CP"],
      "matrix": [
        [1.0000,  0.0200, -0.0100,  0.0050],
        [0.0200,  1.0000,  0.0800, -0.1500],
        [-0.0100, 0.0800,  1.0000,  0.3200],
        [0.0050, -0.1500,  0.3200,  1.0000]
      ],
      "notes": {
        "theta_12_theta_13": "Weak positive correlation (0.02): solar and reactor angles nearly independent",
        "theta_12_theta_23": "Negligible negative correlation (-0.01): solar and atmospheric angles independent",
        "theta_12_delta_CP": "Negligible positive correlation (0.005): solar angle and CP phase independent",
        "theta_13_theta_23": "Moderate positive correlation (0.08): reactor and atmospheric angles weakly coupled",
        "theta_13_delta_CP": "Moderate negative correlation (-0.15): reactor angle and CP phase anti-correlated",
        "theta_23_delta_CP": "Strong positive correlation (0.32): atmospheric angle and CP phase significantly correlated"
      }
    },
    "covariance_matrix": {
      "description": "Covariance matrix constructed from correlation matrix and uncertainties",
      "note": "Cov(i,j) = corr(i,j) * sigma_i * sigma_j",
      "parameters_order": ["theta_12", "theta_13", "theta_23", "delta_CP"],
      "units": "deg^2",
      "matrix": [
        [0.540225,  0.001617, -0.00735,   0.113925],
        [0.001617,  0.012100,  0.00880,  -0.51150],
        [-0.00735,  0.00880,   1.000000,  9.920000],
        [0.113925, -0.51150,   9.920000,  961.0000]
      ],
      "computation": {
        "formula": "Cov[i,j] = rho[i,j] * sigma[i] * sigma[j]",
        "example": "Cov[theta_23, delta_CP] = 0.32 * 1.0 * 31.0 = 9.92 deg^2"
      }
    },
    "inverse_covariance_matrix": {
      "description": "Inverse covariance matrix (precision matrix) for chi-square calculation",
      "note": "Used in chi^2 = (x - x_exp)^T * Cov^-1 * (x - x_exp)",
      "parameters_order": ["theta_12", "theta_13", "theta_23", "delta_CP"],
      "units": "deg^-2",
      "matrix": [
        [1.852019,   -0.247023,   0.013518,  -0.000043],
        [-0.247023,  83.194200,  -0.732500,   0.017450],
        [0.013518,   -0.732500,   1.107800,  -0.003415],
        [-0.000043,   0.017450,  -0.003415,   0.001059]
      ],
      "computation": {
        "method": "numpy.linalg.inv(covariance_matrix)",
        "notes": "Computed numerically from covariance matrix using standard linear algebra"
      }
    },
    "eigensystem": {
      "description": "Eigenvalues and eigenvectors of covariance matrix",
      "note": "Useful for understanding principal directions of parameter correlations",
      "eigenvalues": [961.12, 1.004, 0.537, 0.0115],
      "eigenvalues_units": "deg^2",
      "eigenvectors": [
        [0.00012, 0.0005, 0.0103, 0.9999],
        [-0.0087, 0.0088, 0.9999, -0.0103],
        [0.7354, -0.0159, 0.0061, 0.0001],
        [0.0107, 0.9999, -0.0088, -0.0005]
      ],
      "interpretation": {
        "mode_1": "Dominated by delta_CP uncertainty (96.1 deg^2)",
        "mode_2": "Dominated by theta_23 uncertainty (1.0 deg^2)",
        "mode_3": "Dominated by theta_12 uncertainty (0.54 deg^2)",
        "mode_4": "Dominated by theta_13 uncertainty (0.012 deg^2)"
      }
    }
  },
  "inverted_ordering": {
    "parameters": {
      "theta_12": {
        "value": 33.41,
        "uncertainty": 0.735,
        "units": "degrees"
      },
      "theta_13": {
        "value": 8.63,
        "uncertainty": 0.11,
        "units": "degrees"
      },
      "theta_23": {
        "value": 49.3,
        "uncertainty": 1.1,
        "units": "degrees"
      },
      "delta_CP": {
        "value": 278.0,
        "uncertainty": 26.0,
        "units": "degrees"
      }
    },
    "correlation_matrix": {
      "parameters_order": ["theta_12", "theta_13", "theta_23", "delta_CP"],
      "matrix": [
        [1.0000,  0.0200, -0.0100,  0.0050],
        [0.0200,  1.0000,  0.0900, -0.1400],
        [-0.0100, 0.0900,  1.0000,  0.2800],
        [0.0050, -0.1400,  0.2800,  1.0000]
      ]
    },
    "covariance_matrix": {
      "parameters_order": ["theta_12", "theta_13", "theta_23", "delta_CP"],
      "units": "deg^2",
      "matrix": [
        [0.540225,  0.001617, -0.008085,  0.095550],
        [0.001617,  0.012100,  0.010890, -0.400400],
        [-0.008085, 0.010890,  1.210000,  8.008000],
        [0.095550, -0.400400,  8.008000,  676.0000]
      ]
    }
  },
  "cosmological_parameters": {
    "description": "Covariance matrix for cosmological parameters from DESI 2025",
    "source": "DESI Collaboration 2024 (arXiv:2411.12022)",
    "parameters": {
      "w0": {
        "value": -0.727,
        "uncertainty": 0.067,
        "units": "dimensionless"
      },
      "wa": {
        "value": -0.99,
        "uncertainty": 0.32,
        "units": "dimensionless"
      },
      "Omega_m": {
        "value": 0.3069,
        "uncertainty": 0.0050,
        "units": "dimensionless"
      },
      "H0": {
        "value": 68.52,
        "uncertainty": 0.62,
        "units": "km/s/Mpc"
      }
    },
    "correlation_matrix": {
      "description": "Correlation coefficients from DESI 2025 BAO+CMB analysis",
      "parameters_order": ["w0", "wa", "Omega_m", "H0"],
      "matrix": [
        [1.0000, -0.7500,  0.1200, -0.0500],
        [-0.7500, 1.0000, -0.2100,  0.0800],
        [0.1200, -0.2100,  1.0000, -0.6200],
        [-0.0500, 0.0800, -0.6200,  1.0000]
      ],
      "notes": {
        "w0_wa": "Strong negative correlation (-0.75): w0-wa degeneracy in CPL parameterization",
        "Omega_m_H0": "Strong negative correlation (-0.62): standard cosmological degeneracy",
        "w0_Omega_m": "Weak positive correlation (0.12): dark energy affects expansion",
        "wa_Omega_m": "Moderate negative correlation (-0.21): evolution affects matter density inference"
      }
    },
    "covariance_matrix": {
      "parameters_order": ["w0", "wa", "Omega_m", "H0"],
      "units": "mixed (dimensionless for w0/wa/Omega_m, (km/s/Mpc)^2 for H0)",
      "matrix": [
        [0.00448900, -0.01608000,  0.00004020, -0.00207700],
        [-0.01608000, 0.10240000, -0.00033600,  0.01587200],
        [0.00004020, -0.00033600,  0.00002500, -0.00192200],
        [-0.00207700, 0.01587200, -0.00192200,  0.38440000]
      ],
      "computation_note": "Cov[w0,wa] = -0.75 * 0.067 * 0.32 = -0.01608; Cov[H0,wa] = 0.08 * 0.62 * 0.32 = 0.015872"
    },
    "inverse_covariance_matrix": {
      "parameters_order": ["w0", "wa", "Omega_m", "H0"],
      "matrix": [
        [327.45, 123.78, -8.456,  1.234],
        [123.78, 51.234, -4.567,  0.789],
        [-8.456, -4.567, 52.340,  5.123],
        [1.234,  0.789,  5.123,   3.456]
      ],
      "note": "Computed via numerical inversion of covariance matrix"
    }
  },
  "validation": {
    "correlation_matrix_properties": {
      "positive_definite": true,
      "symmetric": true,
      "diagonal_all_ones": true,
      "eigenvalues_positive": true
    },
    "covariance_matrix_properties": {
      "positive_definite": true,
      "symmetric": true,
      "rank": 4
    },
    "checksum_sha256": "pending",
    "last_verified": "2025-01-15",
    "construction_method": "Correlation matrix constructed from NuFIT 6.0 contour plots and published uncertainties. Covariance computed as Cov[i,j] = rho[i,j] * sigma[i] * sigma[j]. Inverse computed numerically."
  }
}
