{
  "metadata": {
    "source": "NuFIT Collaboration",
    "version": "6.0",
    "date": "2024-11",
    "website": "http://www.nu-fit.org/",
    "paper": "NuFIT 6.0 (2024)",
    "arxiv": "2111.03086",
    "retrieved": "2025-01-15",
    "notes": "Global fit of neutrino oscillation parameters"
  },
  "normal_ordering": {
    "theta_12": {
      "value": 33.41,
      "uncertainty_plus": 0.75,
      "uncertainty_minus": 0.72,
      "units": "degrees",
      "description": "Solar mixing angle"
    },
    "theta_23": {
      "value": 42.2,
      "uncertainty_plus": 1.1,
      "uncertainty_minus": 0.9,
      "units": "degrees",
      "description": "Atmospheric mixing angle"
    },
    "theta_13": {
      "value": 8.58,
      "uncertainty_plus": 0.11,
      "uncertainty_minus": 0.11,
      "units": "degrees",
      "description": "Reactor mixing angle"
    },
    "delta_CP": {
      "value": 232,
      "uncertainty_plus": 36,
      "uncertainty_minus": 26,
      "units": "degrees",
      "description": "CP-violating phase"
    },
    "delta_m21_sq": {
      "value": 7.42e-5,
      "uncertainty_plus": 0.21e-5,
      "uncertainty_minus": 0.20e-5,
      "units": "eV^2",
      "description": "Solar mass-squared difference"
    },
    "delta_m31_sq": {
      "value": 2.515e-3,
      "uncertainty_plus": 0.028e-3,
      "uncertainty_minus": 0.028e-3,
      "units": "eV^2",
      "description": "Atmospheric mass-squared difference (NO)"
    }
  },
  "inverted_ordering": {
    "theta_12": {
      "value": 33.41,
      "uncertainty_plus": 0.75,
      "uncertainty_minus": 0.72,
      "units": "degrees"
    },
    "theta_23": {
      "value": 49.3,
      "uncertainty_plus": 1.0,
      "uncertainty_minus": 1.2,
      "units": "degrees"
    },
    "theta_13": {
      "value": 8.63,
      "uncertainty_plus": 0.11,
      "uncertainty_minus": 0.11,
      "units": "degrees"
    },
    "delta_CP": {
      "value": 278,
      "uncertainty_plus": 22,
      "uncertainty_minus": 30,
      "units": "degrees"
    },
    "delta_m21_sq": {
      "value": 7.42e-5,
      "uncertainty_plus": 0.21e-5,
      "uncertainty_minus": 0.20e-5,
      "units": "eV^2"
    },
    "delta_m32_sq": {
      "value": -2.498e-3,
      "uncertainty_plus": 0.028e-3,
      "uncertainty_minus": 0.029e-3,
      "units": "eV^2",
      "description": "Atmospheric mass-squared difference (IO)"
    }
  },
  "mass_ordering_preference": {
    "chi2_difference": 7.5,
    "sigma_preference": 2.7,
    "preferred": "NO",
    "notes": "Normal Ordering preferred at 2.7 sigma"
  },
  "verification": {
    "checksum_sha256": "pending",
    "last_verified": "2025-01-15"
  }
}
