{
  "metadata": {
    "title": "Principia Metaphysica Discovery Hash Registry",
    "version": "1.0",
    "created": "2025-12-29T00:57:36.735478+00:00",
    "description": "Cryptographic hash registry for intellectual property protection of key theoretical predictions",
    "purpose": [
      "Establish priority of discovery",
      "Create tamper-evident record of predictions",
      "Enable independent verification of claims",
      "Protect intellectual property rights"
    ],
    "license": "Registry format: MIT; Theory content: See DISCOVERY_PRIORITY.md"
  },
  "git_snapshot": {
    "commit_hash": "82bdcd140400506e9378c55c148f88bfe12909ad",
    "short_hash": "82bdcd14",
    "branch": "main",
    "timestamp": "2025-12-29T10:48:01+10:00",
    "author": "andrewkwatts-maker <AndrewKWatts@gmail.com>",
    "message": "Regenerate theory_output with experimental data loader",
    "repository": "https://github.com/[username]/PrincipiaMetaphysica",
    "theory_file": "AutoGenerated/theory_output.json",
    "note": "All hashes computed from this git commit state"
  },
  "discoveries": [
    {
      "discovery_hash": "918f299f7874ef2021f47a3f99f6a74833bbe87840f9fd9bcb5cddaecd48d0ef",
      "short_hash": "918f299f7874ef20",
      "prediction": {
        "name": "Dark Energy EOS Parameter w₀",
        "parameter_key": "cosmology.w0_derived",
        "value": -0.8461538461538461,
        "units": "dimensionless",
        "uncertainty": null,
        "prediction_type": "cosmological",
        "significance": "Derives w₀ = -11/13 ≈ -0.846 from dimensional reduction with 12-dimensional shadow spacetime. Testable prediction differing from ΛCDM (w₀ = -1)."
      },
      "priority_claim": "First derivation of dark energy EOS from G2 manifold geometry",
      "experimental_status": "DESI 2025 measures w₀ = -0.827 ± 0.063 (1.3σ from PM prediction)",
      "falsifiable": true,
      "timestamps": {
        "first_computed": "2025-12-29T10:46:14.561388",
        "registry_created": "2025-12-29T00:57:36.735341+00:00",
        "git_commit": "fd9a75d8328d4d82af5b14ff8288d9d2412810ad"
      },
      "verification": {
        "algorithm": "SHA-256",
        "canonical_format": "JSON (sorted keys, no whitespace)",
        "reproducible": true,
        "instructions": "Hash the 'prediction' field using SHA-256 to verify"
      }
    },
    {
      "discovery_hash": "00883d080b5b54384a695eb44fe6b285c33077af9c2e2c12b56b0143252cea89",
      "short_hash": "00883d080b5b5438",
      "prediction": {
        "name": "Three Fermion Generations",
        "parameter_key": "fermion.n_generations",
        "value": 3,
        "units": "dimensionless",
        "uncertainty": null,
        "prediction_type": "particle_physics",
        "significance": "Derives exactly 3 generations from topology: n_gen = N_flux / spinor_DOF = 24 / 8 = 3. Parameter-free prediction."
      },
      "priority_claim": "First topological derivation of generation count from TCS G2 manifold #187",
      "experimental_status": "Matches observed 3 generations (PDG 2024)",
      "falsifiable": true,
      "timestamps": {
        "first_computed": "2025-12-29T10:46:14.560134",
        "registry_created": "2025-12-29T00:57:36.735379+00:00",
        "git_commit": "fd9a75d8328d4d82af5b14ff8288d9d2412810ad"
      },
      "verification": {
        "algorithm": "SHA-256",
        "canonical_format": "JSON (sorted keys, no whitespace)",
        "reproducible": true,
        "instructions": "Hash the 'prediction' field using SHA-256 to verify"
      }
    },
    {
      "discovery_hash": "fdba481ece2e60b36bdc7d68b6c0c780bf27cf4b6ae17d4dde108ec6fd69b284",
      "short_hash": "fdba481ece2e60b3",
      "prediction": {
        "name": "Proton Lifetime",
        "parameter_key": "proton_decay.tau_p_years",
        "value": 4.757399129595567e+34,
        "units": "years",
        "uncertainty": null,
        "prediction_type": "particle_physics",
        "significance": "Predicts τ_p ≈ 4.8 × 10³⁴ years from GUT scale and geometric suppression. Testable by Hyper-Kamiokande."
      },
      "priority_claim": "First prediction of proton lifetime from G2 geometric suppression mechanism",
      "experimental_status": "Above Super-K bound (1.67 × 10³⁴ years). Awaiting Hyper-K measurements (2027+)",
      "falsifiable": true,
      "timestamps": {
        "first_computed": "2025-12-29T10:46:14.561173",
        "registry_created": "2025-12-29T00:57:36.735396+00:00",
        "git_commit": "fd9a75d8328d4d82af5b14ff8288d9d2412810ad"
      },
      "verification": {
        "algorithm": "SHA-256",
        "canonical_format": "JSON (sorted keys, no whitespace)",
        "reproducible": true,
        "instructions": "Hash the 'prediction' field using SHA-256 to verify"
      }
    },
    {
      "discovery_hash": "50e62fb44b7be5af35b6a733d1666caebe5afd6c3411d7b8c6f954ff135cec67",
      "short_hash": "50e62fb44b7be5af",
      "prediction": {
        "name": "GUT Unification Scale",
        "parameter_key": "gauge.M_GUT",
        "value": 6324555320336760.0,
        "units": "GeV",
        "uncertainty": null,
        "prediction_type": "particle_physics",
        "significance": "Derives M_GUT from geometric running of gauge couplings in G2 background."
      },
      "priority_claim": "GUT scale derived from G2 holonomy constraints",
      "experimental_status": "Consistent with standard GUT predictions (~10¹⁶ GeV)",
      "falsifiable": true,
      "timestamps": {
        "first_computed": "2025-12-29T10:46:14.559974",
        "registry_created": "2025-12-29T00:57:36.735412+00:00",
        "git_commit": "fd9a75d8328d4d82af5b14ff8288d9d2412810ad"
      },
      "verification": {
        "algorithm": "SHA-256",
        "canonical_format": "JSON (sorted keys, no whitespace)",
        "reproducible": true,
        "instructions": "Hash the 'prediction' field using SHA-256 to verify"
      }
    },
    {
      "discovery_hash": "8afce50e000114096be75abda1315a2e3fb86220f6702b7e553c9731373f9988",
      "short_hash": "8afce50e00011409",
      "prediction": {
        "name": "Cabibbo Angle from Geometry",
        "parameter_key": "ckm.V_us",
        "value": 0.22313016014842982,
        "units": "dimensionless",
        "uncertainty": null,
        "prediction_type": "particle_physics",
        "significance": "Predicts V_us = ε = exp(-λ) ≈ 0.223 from Froggatt-Nielsen suppression with λ = 1.5 (G2 curvature scale)."
      },
      "priority_claim": "First geometric derivation of Cabibbo angle from G2 curvature",
      "experimental_status": "PDG 2024: 0.2257 ± 0.0009 (1.2% agreement, 2.9σ)",
      "falsifiable": true,
      "timestamps": {
        "first_computed": "2025-12-29T10:46:14.561070",
        "registry_created": "2025-12-29T00:57:36.735424+00:00",
        "git_commit": "fd9a75d8328d4d82af5b14ff8288d9d2412810ad"
      },
      "verification": {
        "algorithm": "SHA-256",
        "canonical_format": "JSON (sorted keys, no whitespace)",
        "reproducible": true,
        "instructions": "Hash the 'prediction' field using SHA-256 to verify"
      }
    },
    {
      "discovery_hash": "cfd9f7ab4aa738945a9e5351c80162215c8048f8b99321fd55de1a8202712556",
      "short_hash": "cfd9f7ab4aa73894",
      "prediction": {
        "name": "Jarlskog Invariant (CP Violation)",
        "parameter_key": "ckm.jarlskog_invariant",
        "value": 2.9148902086057355e-05,
        "units": "dimensionless",
        "uncertainty": null,
        "prediction_type": "particle_physics",
        "significance": "Predicts J ≈ 3 × 10⁻⁵ from topological CP phase arising from K=4 matching fibres in TCS construction."
      },
      "priority_claim": "First topological origin of CP violation from TCS matching conditions",
      "experimental_status": "PDG 2024: J = (3.0 ± 0.3) × 10⁻⁵ (within 3%)",
      "falsifiable": true,
      "timestamps": {
        "first_computed": "2025-12-29T10:46:14.561082",
        "registry_created": "2025-12-29T00:57:36.735437+00:00",
        "git_commit": "fd9a75d8328d4d82af5b14ff8288d9d2412810ad"
      },
      "verification": {
        "algorithm": "SHA-256",
        "canonical_format": "JSON (sorted keys, no whitespace)",
        "reproducible": true,
        "instructions": "Hash the 'prediction' field using SHA-256 to verify"
      }
    },
    {
      "discovery_hash": "8d823bd889db71b833b20b384e1f5a9e0d5b27facbc624b6e4513df0323230ac",
      "short_hash": "8d823bd889db71b8",
      "prediction": {
        "name": "Yukawa Hierarchy Parameter",
        "parameter_key": "fermion.yukawa_hierarchy",
        "value": 0.22313016014842982,
        "units": "dimensionless",
        "uncertainty": null,
        "prediction_type": "particle_physics",
        "significance": "Derives ε = exp(-1.5) ≈ 0.223 from G2 curvature scale, explaining fermion mass hierarchy."
      },
      "priority_claim": "Geometric origin of Yukawa hierarchy from G2 parallel transport",
      "experimental_status": "Explains observed hierarchies in quark and lepton masses",
      "falsifiable": true,
      "timestamps": {
        "first_computed": "2025-12-29T10:46:14.560137",
        "registry_created": "2025-12-29T00:57:36.735447+00:00",
        "git_commit": "fd9a75d8328d4d82af5b14ff8288d9d2412810ad"
      },
      "verification": {
        "algorithm": "SHA-256",
        "canonical_format": "JSON (sorted keys, no whitespace)",
        "reproducible": true,
        "instructions": "Hash the 'prediction' field using SHA-256 to verify"
      }
    },
    {
      "discovery_hash": "e271f112396c55f51582c656bb1b9bdd97c4cc3b98f4608981e8d6be2ccace83",
      "short_hash": "e271f112396c55f5",
      "prediction": {
        "name": "Chiral Asymmetry Index",
        "parameter_key": "chirality.chiral_index",
        "value": 6.0,
        "units": "dimensionless",
        "uncertainty": null,
        "prediction_type": "particle_physics",
        "significance": "Derives chiral index = χ_eff/24 = 144/24 = 6 from Atiyah-Singer theorem on TCS G2 #187."
      },
      "priority_claim": "First application of Atiyah-Singer index theorem to TCS G2 manifolds for SM chirality",
      "experimental_status": "Topological prediction, connects to observed fermion spectrum",
      "falsifiable": true,
      "timestamps": {
        "first_computed": "2025-12-29T10:46:14.560216",
        "registry_created": "2025-12-29T00:57:36.735456+00:00",
        "git_commit": "fd9a75d8328d4d82af5b14ff8288d9d2412810ad"
      },
      "verification": {
        "algorithm": "SHA-256",
        "canonical_format": "JSON (sorted keys, no whitespace)",
        "reproducible": true,
        "instructions": "Hash the 'prediction' field using SHA-256 to verify"
      }
    },
    {
      "discovery_hash": "10a16c263b3db769e9a6de4f8b0032f2621f8de20c1f8568f34332f1174ccf3d",
      "short_hash": "10a16c263b3db769",
      "prediction": {
        "name": "GUT Coupling Constant",
        "parameter_key": "gauge.ALPHA_GUT",
        "value": 0.023402505234839138,
        "units": "dimensionless",
        "uncertainty": null,
        "prediction_type": "particle_physics",
        "significance": "Derives α_GUT from RG running in G2 background with geometric corrections."
      },
      "priority_claim": "G2 holonomy corrections to gauge coupling unification",
      "experimental_status": "Consistent with standard unification predictions",
      "falsifiable": true,
      "timestamps": {
        "first_computed": "2025-12-29T10:46:14.559984",
        "registry_created": "2025-12-29T00:57:36.735465+00:00",
        "git_commit": "fd9a75d8328d4d82af5b14ff8288d9d2412810ad"
      },
      "verification": {
        "algorithm": "SHA-256",
        "canonical_format": "JSON (sorted keys, no whitespace)",
        "reproducible": true,
        "instructions": "Hash the 'prediction' field using SHA-256 to verify"
      }
    },
    {
      "discovery_hash": "c7d827bd4933825e14561e327ca78fa9b6dcb8d662d349b94ce75560cff3a100",
      "short_hash": "c7d827bd4933825e",
      "prediction": {
        "name": "Shadow Dimension Parameter",
        "parameter_key": "cosmology.D_eff",
        "value": 12.576,
        "units": "dimensionless",
        "uncertainty": null,
        "prediction_type": "cosmological",
        "significance": "Derives D_eff from shadow spacetime breathing mode, connected to dark energy."
      },
      "priority_claim": "Shadow spacetime dimension as source of dark energy",
      "experimental_status": "Indirectly testable through w₀ measurements",
      "falsifiable": true,
      "timestamps": {
        "first_computed": "2025-12-29T10:46:14.561392",
        "registry_created": "2025-12-29T00:57:36.735473+00:00",
        "git_commit": "fd9a75d8328d4d82af5b14ff8288d9d2412810ad"
      },
      "verification": {
        "algorithm": "SHA-256",
        "canonical_format": "JSON (sorted keys, no whitespace)",
        "reproducible": true,
        "instructions": "Hash the 'prediction' field using SHA-256 to verify"
      }
    }
  ],
  "statistics": {
    "total_predictions": 10,
    "falsifiable_count": 10,
    "prediction_types": [
      "cosmological",
      "particle_physics"
    ]
  },
  "verification_protocol": {
    "step_1": "Clone the repository at the specified git commit",
    "step_2": "Load AutoGenerated/theory_output.json",
    "step_3": "Extract the prediction field from each entry",
    "step_4": "Compute SHA-256 hash of canonical JSON (sorted keys)",
    "step_5": "Compare with discovery_hash field",
    "note": "All hashes must match to verify registry integrity"
  }
}