{
  "version": "16.0",
  "components": [
    {
      "name": "formulas",
      "file": "formulas.json"
    },
    {
      "name": "parameters",
      "file": "parameters.json"
    },
    {
      "name": "sections",
      "file": "sections.json"
    },
    {
      "name": "metadata",
      "file": "metadata.json"
    },
    {
      "name": "statistics",
      "file": "statistics.json"
    },
    {
      "name": "simulations",
      "file": "simulations.json"
    },
    {
      "name": "beginner-guide",
      "file": "beginner-guide.json"
    }
  ]
}