{
  "desi2025_bao": {
    "id": "desi2025_bao",
    "authors": "DESI Collaboration",
    "title": "DESI 2025 VI: Cosmological Constraints from the Full Shape of the Clustering Wedges",
    "year": 2025,
    "journal": "arXiv preprint",
    "arxiv": "2504.03613",
    "doi": "",
    "description": "Latest DESI results providing w₀ = -0.827 ± 0.063 and wₐ = -0.75 ± 0.29 for dark energy equation of state evolution. Critical observational constraints for PM cosmology predictions.",
    "citedByFormulas": ["dark_energy_w0", "dark_energy_wa"],
    "citedByParams": ["desi.w0", "desi.wa", "desi.sigma8", "desi.H0", "desi.Omega_m"]
  },
  "nufit6_2025": {
    "id": "nufit6_2025",
    "authors": "Esteban, I., Gonzalez-Garcia, M.C., Maltoni, M., Schwetz, T., Zhou, A.",
    "title": "NuFIT 6.0 (2025): Global Three-Neutrino Oscillation Analysis",
    "year": 2025,
    "journal": "NuFIT Collaboration",
    "arxiv": "",
    "doi": "",
    "description": "Global fit to neutrino oscillation data including θ₁₂ = 33.41°, θ₂₃ = 49.2°, θ₁₃ = 8.58°, δCP = 194°, Δm²₂₁ = 7.41×10⁻⁵ eV², and |Δm²₃₁| = 2.507×10⁻³ eV². Essential for neutrino sector validation.",
    "citedByFormulas": ["neutrino_mixing_angles", "neutrino_mass_differences"],
    "citedByParams": ["nufit.theta_12", "nufit.theta_23", "nufit.theta_13", "nufit.delta_CP", "nufit.delta_m21_sq", "nufit.delta_m31_sq"]
  },
  "pdg2024": {
    "id": "pdg2024",
    "authors": "Particle Data Group",
    "title": "Review of Particle Physics (2024)",
    "year": 2024,
    "journal": "Progress of Theoretical and Experimental Physics",
    "arxiv": "",
    "doi": "10.1093/ptep/ptae106",
    "description": "Comprehensive compilation of measured particle properties including masses, mixing angles, coupling constants, and bounds. Primary source for Standard Model parameters used throughout PM.",
    "citedByFormulas": ["fermion_masses", "gauge_couplings", "higgs_mass"],
    "citedByParams": ["pdg.m_higgs", "pdg.m_electron", "pdg.m_muon", "pdg.m_tau", "pdg.m_up", "pdg.m_down", "pdg.m_strange", "pdg.m_charm", "pdg.m_bottom", "pdg.m_top", "pdg.alpha_s_MZ", "pdg.sin2_theta_W", "pdg.m_W", "pdg.m_Z"]
  },
  "joyce2000": {
    "id": "joyce2000",
    "authors": "Joyce, D.D.",
    "title": "Compact Manifolds with Special Holonomy",
    "year": 2000,
    "journal": "Oxford Mathematical Monographs",
    "arxiv": "",
    "doi": "",
    "description": "Definitive mathematical treatment of G₂ manifolds and exceptional holonomy. Provides rigorous foundation for the geometric framework underlying PM's compactification from 7D to 4D.",
    "citedByFormulas": ["g2_holonomy", "associative_calibration"],
    "citedByParams": ["topology.b2", "topology.b3", "topology.chi_eff"]
  },
  "joyce2017": {
    "id": "joyce2017",
    "authors": "Joyce, D.D., Karigiannis, S.",
    "title": "A new construction of compact torsion-free G₂-manifolds by gluing families of Eguchi-Hanson spaces",
    "year": 2017,
    "journal": "arXiv preprint",
    "arxiv": "1707.09325",
    "doi": "",
    "description": "Modern construction technique for compact G₂ manifolds via twisted connected sums. Directly relevant to PM's use of TCS G₂ manifolds for 7D compactification.",
    "citedByFormulas": ["tcs_construction", "g2_euler_characteristic"],
    "citedByParams": ["topology.T_OMEGA", "topology.chi_eff"]
  },
  "kovalev2003": {
    "id": "kovalev2003",
    "authors": "Kovalev, A.",
    "title": "Twisted connected sums and special Riemannian holonomy",
    "year": 2003,
    "journal": "Journal of Differential Geometry",
    "arxiv": "math/0012189",
    "doi": "10.4310/jdg/1090426999",
    "description": "Original construction of compact G₂ manifolds via twisted connected sums. Foundation for PM's TCS #187 manifold topology.",
    "citedByFormulas": ["tcs_g2_construction"],
    "citedByParams": ["topology.chi_eff", "topology.b2", "topology.b3"]
  },
  "superk2017": {
    "id": "superk2017",
    "authors": "Super-Kamiokande Collaboration",
    "title": "Search for proton decay via p → e⁺π⁰ and p → μ⁺π⁰ in 0.31 megaton-years exposure of the Super-Kamiokande water Cherenkov detector",
    "year": 2017,
    "journal": "Physical Review D",
    "arxiv": "1610.03597",
    "doi": "10.1103/PhysRevD.95.012004",
    "description": "Current experimental lower bound on proton lifetime: τ_p > 1.6×10³⁴ years. Critical constraint for GUT-scale physics predictions in PM framework.",
    "citedByFormulas": ["proton_lifetime"],
    "citedByParams": ["bounds.tau_proton_lower"]
  },
  "planck2018": {
    "id": "planck2018",
    "authors": "Planck Collaboration",
    "title": "Planck 2018 results. VI. Cosmological parameters",
    "year": 2020,
    "journal": "Astronomy & Astrophysics",
    "arxiv": "1807.06209",
    "doi": "10.1051/0004-6361/201833910",
    "description": "CMB temperature anisotropy measurements providing cosmological parameters including H₀, Ωₘ, Ωₖ, σ₈, and S₈. Essential cosmological constraints for dark energy and matter content.",
    "citedByFormulas": ["hubble_constant", "matter_density"],
    "citedByParams": ["planck.S8", "desi.Omega_m"]
  },
  "atiyah_witten_2001": {
    "id": "atiyah_witten_2001",
    "authors": "Atiyah, M.F., Witten, E.",
    "title": "M-Theory Dynamics on a Manifold of G₂ Holonomy",
    "year": 2001,
    "journal": "Advances in Theoretical and Mathematical Physics",
    "arxiv": "hep-th/0107177",
    "doi": "",
    "description": "Comprehensive analysis of M-theory compactification on G₂ manifolds, including membrane instantons and gauge group emergence. Theoretical foundation for PM's M-theory approach.",
    "citedByFormulas": ["m_theory_g2", "membrane_instanton"],
    "citedByParams": []
  },
  "acharya1998": {
    "id": "acharya1998",
    "authors": "Acharya, B.S.",
    "title": "M Theory, Joyce Orbifolds and Super Yang-Mills",
    "year": 1998,
    "journal": "Advances in Theoretical and Mathematical Physics",
    "arxiv": "hep-th/9812205",
    "doi": "",
    "description": "Derivation of 4D N=1 supersymmetric Yang-Mills theories from M-theory on singular G₂ manifolds. Shows how gauge groups emerge from topology.",
    "citedByFormulas": ["gauge_group_emergence"],
    "citedByParams": []
  },
  "acharya2018": {
    "id": "acharya2018",
    "authors": "Acharya, B.S., Kerr, M., Rauh, N., Zimet, M.",
    "title": "G-flux, topology, and the effective action for M-theory moduli",
    "year": 2018,
    "journal": "Physical Review D",
    "arxiv": "1809.01126",
    "doi": "10.1103/PhysRevD.98.086002",
    "description": "Analysis of moduli stabilization in M-theory on G₂ manifolds with G-flux. Relevant to PM's moduli dynamics and vacuum selection.",
    "citedByFormulas": ["moduli_stabilization", "g_flux"],
    "citedByParams": ["moduli.re_t_attractor"]
  },
  "sethi_vafa_witten_1996": {
    "id": "sethi_vafa_witten_1996",
    "authors": "Sethi, S., Vafa, C., Witten, E.",
    "title": "Constraints on low-dimensional string compactifications",
    "year": 1996,
    "journal": "Nuclear Physics B",
    "arxiv": "hep-th/9606122",
    "doi": "10.1016/S0550-3213(96)00483-X",
    "description": "Derives the generation formula n_gen = χ/24 for F-theory compactifications using D3-brane index theorem. Key reference for understanding generation counting from topology.",
    "citedByFormulas": ["generation_formula"],
    "citedByParams": ["topology.n_gen"]
  },
  "bars2006": {
    "id": "bars2006",
    "authors": "Bars, I.",
    "title": "Gauge Symmetry in Phase Space, Consequences for Physics and Spacetime",
    "year": 2006,
    "journal": "International Journal of Modern Physics A",
    "arxiv": "hep-th/0606045",
    "doi": "10.1142/S0217751X10051128",
    "description": "Sp(2,R) gauge symmetry in two-time physics. The three constraints X²=0, X·P=0, P²+M²=0 eliminate ghosts from the second time dimension. Foundation for PM's 2T-physics framework.",
    "citedByFormulas": ["sp2r_constraints", "two_time_physics"],
    "citedByParams": []
  },
  "einstein1915": {
    "id": "einstein1915",
    "authors": "Einstein, A.",
    "title": "Die Feldgleichungen der Gravitation (The Field Equations of Gravitation)",
    "year": 1915,
    "journal": "Sitzungsberichte der Preussischen Akademie der Wissenschaften zu Berlin",
    "arxiv": "",
    "doi": "",
    "description": "Original formulation of Einstein's field equations relating spacetime curvature to energy-momentum. Foundation of general relativity.",
    "citedByFormulas": ["einstein_field_equations"],
    "citedByParams": []
  },
  "yang_mills_1954": {
    "id": "yang_mills_1954",
    "authors": "Yang, C.N., Mills, R.L.",
    "title": "Conservation of Isotopic Spin and Isotopic Gauge Invariance",
    "year": 1954,
    "journal": "Physical Review",
    "arxiv": "",
    "doi": "10.1103/PhysRev.96.191",
    "description": "Introduction of non-Abelian gauge theories. Foundation for the Standard Model's SU(3)×SU(2)×U(1) structure.",
    "citedByFormulas": ["yang_mills_lagrangian"],
    "citedByParams": []
  },
  "kaluza1921": {
    "id": "kaluza1921",
    "authors": "Kaluza, T.",
    "title": "Zum Unitätsproblem der Physik (On the Unification Problem of Physics)",
    "year": 1921,
    "journal": "Sitzungsberichte der Preussischen Akademie der Wissenschaften",
    "arxiv": "",
    "doi": "",
    "description": "First proposal to unify gravity and electromagnetism via a fifth dimension. Historical foundation for Kaluza-Klein theory and extra dimensions.",
    "citedByFormulas": ["kaluza_klein"],
    "citedByParams": []
  },
  "klein1926": {
    "id": "klein1926",
    "authors": "Klein, O.",
    "title": "Quantentheorie und fünfdimensionale Relativitätstheorie",
    "year": 1926,
    "journal": "Zeitschrift für Physik",
    "arxiv": "",
    "doi": "10.1007/BF01397481",
    "description": "Quantum treatment of Kaluza's fifth dimension with compactification. Establishes the Kaluza-Klein framework.",
    "citedByFormulas": ["kaluza_klein"],
    "citedByParams": []
  },
  "lovelace1971": {
    "id": "lovelace1971",
    "authors": "Lovelace, C.",
    "title": "Pomeron form factors and dual Regge cuts",
    "year": 1971,
    "journal": "Physics Letters B",
    "arxiv": "",
    "doi": "10.1016/0370-2693(71)90665-4",
    "description": "First calculation showing D=26 critical dimension for bosonic string from Virasoro anomaly cancellation. Historical foundation for string theory critical dimensions.",
    "citedByFormulas": ["bosonic_string_dimension"],
    "citedByParams": ["dimensions.D_bulk"]
  },
  "minkowski1977": {
    "id": "minkowski1977",
    "authors": "Minkowski, P.",
    "title": "μ → eγ at a Rate of One Out of 10⁹ Muon Decays?",
    "year": 1977,
    "journal": "Physics Letters B",
    "arxiv": "",
    "doi": "10.1016/0370-2693(77)90435-X",
    "description": "Original proposal of the seesaw mechanism for neutrino masses. Explains small neutrino masses via heavy right-handed neutrinos.",
    "citedByFormulas": ["seesaw_mechanism"],
    "citedByParams": []
  },
  "gellmann1979": {
    "id": "gellmann1979",
    "authors": "Gell-Mann, M., Ramond, P., Slansky, R.",
    "title": "Complex Spinors and Unified Theories",
    "year": 1979,
    "journal": "Supergravity (North-Holland, Amsterdam)",
    "arxiv": "1306.4669",
    "doi": "",
    "description": "Independent formulation of the seesaw mechanism in context of grand unified theories.",
    "citedByFormulas": ["seesaw_mechanism"],
    "citedByParams": []
  },
  "tomita1967": {
    "id": "tomita1967",
    "authors": "Tomita, M.",
    "title": "On Canonical Forms of von Neumann Algebras",
    "year": 1967,
    "journal": "Fifth Functional Analysis Symposium, Tohoku University",
    "arxiv": "",
    "doi": "",
    "description": "Foundation of Tomita-Takesaki theory relating modular automorphisms to time evolution in von Neumann algebras. Mathematical basis for thermal time.",
    "citedByFormulas": ["tomita_takesaki"],
    "citedByParams": []
  },
  "takesaki1970": {
    "id": "takesaki1970",
    "authors": "Takesaki, M.",
    "title": "Tomita's Theory of Modular Hilbert Algebras and its Applications",
    "year": 1970,
    "journal": "Lecture Notes in Mathematics",
    "arxiv": "",
    "doi": "10.1007/BFb0065832",
    "description": "Comprehensive development of Tomita's modular theory with applications to operator algebras.",
    "citedByFormulas": ["tomita_takesaki"],
    "citedByParams": []
  },
  "kubo1957": {
    "id": "kubo1957",
    "authors": "Kubo, R.",
    "title": "Statistical-Mechanical Theory of Irreversible Processes. I.",
    "year": 1957,
    "journal": "Journal of the Physical Society of Japan",
    "arxiv": "",
    "doi": "10.1143/JPSJ.12.570",
    "description": "Statistical mechanics foundation for linear response theory. Part of KMS condition development.",
    "citedByFormulas": ["kms_condition"],
    "citedByParams": []
  },
  "martin_schwinger_1959": {
    "id": "martin_schwinger_1959",
    "authors": "Martin, P.C., Schwinger, J.",
    "title": "Theory of Many-Particle Systems. I.",
    "year": 1959,
    "journal": "Physical Review",
    "arxiv": "",
    "doi": "10.1103/PhysRev.115.1342",
    "description": "Many-body theory with thermal equilibrium conditions. Completes KMS (Kubo-Martin-Schwinger) condition framework.",
    "citedByFormulas": ["kms_condition"],
    "citedByParams": []
  },
  "connes_rovelli_1994": {
    "id": "connes_rovelli_1994",
    "authors": "Connes, A., Rovelli, C.",
    "title": "Von Neumann Algebra Automorphisms and Time-Thermodynamics Relation",
    "year": 1994,
    "journal": "Classical and Quantum Gravity",
    "arxiv": "gr-qc/9406019",
    "doi": "10.1088/0264-9381/11/12/007",
    "description": "Thermal time hypothesis connecting time evolution to thermodynamic entropy in quantum gravity. Basis for PM's thermal time emergence.",
    "citedByFormulas": ["thermal_time"],
    "citedByParams": []
  },
  "georgi_glashow_1974": {
    "id": "georgi_glashow_1974",
    "authors": "Georgi, H., Glashow, S.L.",
    "title": "Unity of All Elementary-Particle Forces",
    "year": 1974,
    "journal": "Physical Review Letters",
    "arxiv": "",
    "doi": "10.1103/PhysRevLett.32.438",
    "description": "First grand unified theory using SU(5) gauge group. Historical foundation for GUT physics.",
    "citedByFormulas": ["su5_gut"],
    "citedByParams": []
  },
  "fritzsch_minkowski_1975": {
    "id": "fritzsch_minkowski_1975",
    "authors": "Fritzsch, H., Minkowski, P.",
    "title": "Unified Interactions of Leptons and Hadrons",
    "year": 1975,
    "journal": "Annals of Physics",
    "arxiv": "",
    "doi": "10.1016/0003-4916(75)90211-0",
    "description": "SO(10) grand unified theory encompassing both quarks and leptons. Provides framework for generation structure.",
    "citedByFormulas": ["so10_gut"],
    "citedByParams": []
  },
  "kklt2003": {
    "id": "kklt2003",
    "authors": "Kachru, S., Kallosh, R., Linde, A., Trivedi, S.P.",
    "title": "de Sitter vacua in string theory",
    "year": 2003,
    "journal": "Physical Review D",
    "arxiv": "hep-th/0301240",
    "doi": "10.1103/PhysRevD.68.046005",
    "description": "KKLT mechanism for moduli stabilization in string theory using fluxes and non-perturbative effects. Influential approach to vacuum selection.",
    "citedByFormulas": ["kklt_stabilization"],
    "citedByParams": ["moduli.re_t_phenomenological"]
  },
  "candelas1985": {
    "id": "candelas1985",
    "authors": "Candelas, P., Horowitz, G., Strominger, A., Witten, E.",
    "title": "Vacuum Configurations for Superstrings",
    "year": 1985,
    "journal": "Nuclear Physics B",
    "arxiv": "",
    "doi": "10.1016/0550-3213(85)90602-9",
    "description": "Heterotic string compactification on Calabi-Yau threefolds. Historic paper establishing CY compactifications (contrast with PM's G₂ approach).",
    "citedByFormulas": ["cy3_compactification"],
    "citedByParams": []
  },
  "atiyah_singer_1968": {
    "id": "atiyah_singer_1968",
    "authors": "Atiyah, M.F., Singer, I.M.",
    "title": "The Index of Elliptic Operators on Compact Manifolds",
    "year": 1968,
    "journal": "Annals of Mathematics",
    "arxiv": "",
    "doi": "10.2307/1970715",
    "description": "Atiyah-Singer index theorem relating analytical index to topological invariants. Foundation for understanding chirality and generation counting from topology.",
    "citedByFormulas": ["index_theorem"],
    "citedByParams": ["chirality.generation_count"]
  },
  "clifford1878": {
    "id": "clifford1878",
    "authors": "Clifford, W.K.",
    "title": "Applications of Grassmann's Extensive Algebra",
    "year": 1878,
    "journal": "American Journal of Mathematics",
    "arxiv": "",
    "doi": "10.2307/2369379",
    "description": "Introduction of Clifford algebras. Mathematical foundation for spinor representations and Dirac equation.",
    "citedByFormulas": ["clifford_algebra"],
    "citedByParams": []
  },
  "dirac1928": {
    "id": "dirac1928",
    "authors": "Dirac, P.A.M.",
    "title": "The Quantum Theory of the Electron",
    "year": 1928,
    "journal": "Proceedings of the Royal Society A",
    "arxiv": "",
    "doi": "10.1098/rspa.1928.0023",
    "description": "Dirac equation for relativistic electrons. Foundation of spinor field theory and prediction of antimatter.",
    "citedByFormulas": ["dirac_equation"],
    "citedByParams": []
  },
  "bryant1987": {
    "id": "bryant1987",
    "authors": "Bryant, R.L.",
    "title": "Metrics with Exceptional Holonomy",
    "year": 1987,
    "journal": "Annals of Mathematics",
    "arxiv": "",
    "doi": "10.2307/1971360",
    "description": "First explicit construction of complete metrics with G₂ holonomy. Proves existence of G₂ manifolds.",
    "citedByFormulas": ["g2_metric"],
    "citedByParams": []
  },
  "corti2015": {
    "id": "corti2015",
    "authors": "Corti, A., Haskins, M., Nordström, J., Pacini, T.",
    "title": "G₂-manifolds and associative submanifolds via semi-Fano 3-folds",
    "year": 2015,
    "journal": "Duke Mathematical Journal",
    "arxiv": "1207.4470",
    "doi": "10.1215/00127094-3120743",
    "description": "Explicit TCS construction of G₂ manifolds with detailed examples. Relevant to PM's specific TCS #187 manifold.",
    "citedByFormulas": ["tcs_construction"],
    "citedByParams": ["topology.b2", "topology.b3"]
  }
}
