{
  "package_version": "v16.2",
  "doi": "10.5281/zenodo.18079602",
  "created": "2025-12-29T11:22:30.249620",
  "total_files": 29,
  "total_size_bytes": 2447920,
  "total_size_human": "2.33 MB",
  "files": [
    {
      "path": "docs/README.md",
      "size": 4785,
      "sha256": "0645545be8ae66c662b82737be936be2a28ca8862198877181e9ac102daca05c",
      "category": "documentation"
    },
    {
      "path": "LICENSE",
      "size": 1101,
      "sha256": "e16f7644397c403c25709577b11023f645b8fe1512935bea8fcb85bcc8151786",
      "category": "documentation"
    },
    {
      "path": "CITATION.cff",
      "size": 1180,
      "sha256": "3620b0266bbe0a288c027b82736e5a0e719b92f53b546f40ef4657aa37841093",
      "category": "documentation"
    },
    {
      "path": "code/config.py",
      "size": 372165,
      "sha256": "c1c18388e3caa0725b9ca0a8fd4d414ae518d3cd9d355726d0d9906e4d0dd52d",
      "category": "documentation"
    },
    {
      "path": "docs/ARCHITECTURE.md",
      "size": 6980,
      "sha256": "3bc6748a10cef32ef00dd357b5343e2a2eafdf79c6ee738135eee6534d495d7e",
      "category": "documentation"
    },
    {
      "path": "docs/FORMAL_ABSTRACT.md",
      "size": 7415,
      "sha256": "49a678940d9ab95e274f54152e93e9fbd1c4f476872a67a4886c0899f7f44685",
      "category": "documentation"
    },
    {
      "path": "data/theory_output.json",
      "size": 643945,
      "sha256": "3b53627bdea659e2a0267fa6e0076f5b471174a03b4107c14213c0036a00a1b1",
      "category": "data"
    },
    {
      "path": "data/formulas.json",
      "size": 132208,
      "sha256": "b80d8fe740d2abf3a5adafe4a2657acafccb92058257de573d5e2e75259578ff",
      "category": "data"
    },
    {
      "path": "data/parameters.json",
      "size": 98776,
      "sha256": "dff7b2e2790d6202b4f6280486e54baf4b7df22a818eab3fc98333af2d344f93",
      "category": "data"
    },
    {
      "path": "data/sections.json",
      "size": 343960,
      "sha256": "2ce48c3993db98d47ef0a2fd0d86b30714dedb0165d628072390d412fceedc9c",
      "category": "data"
    },
    {
      "path": "data/metadata.json",
      "size": 14841,
      "sha256": "c8139ae921b04d308d000632cbf133f33ea4884c2481d079d3cc6cf49bae79bd",
      "category": "data"
    },
    {
      "path": "data/beginner-guide.json",
      "size": 34016,
      "sha256": "b28b96bae1942a1fa6e03d6b376210bf65f301f27dd77301a4d370f23c92ffb1",
      "category": "data"
    },
    {
      "path": "data/statistics.json",
      "size": 77,
      "sha256": "13a7e49c68a790e400f4f24309699cb92b4e2c860ae98c5a8b1fe55db39aedc0",
      "category": "data"
    },
    {
      "path": "web/index.html",
      "size": 84200,
      "sha256": "028cca2af997fc97ca72864b1b04533b3f894880eb36043c38978765438e9665",
      "category": "web"
    },
    {
      "path": "web/Pages/paper.html",
      "size": 37051,
      "sha256": "cad05a1babb94696277a01d50c0a0d360214a6d9404caaf343c33a6fa78f747a",
      "category": "web"
    },
    {
      "path": "web/Pages/sections.html",
      "size": 87606,
      "sha256": "4539929d27b09b34520fb69aab8f9c5e99883026802cea7a63fe9f6e6e2e7d08",
      "category": "web"
    },
    {
      "path": "web/Pages/formulas.html",
      "size": 86341,
      "sha256": "eb5d0aec174ba436da92d039baff48e78152b002593f30ee24717d091f6d5da5",
      "category": "web"
    },
    {
      "path": "web/Pages/parameters.html",
      "size": 98938,
      "sha256": "897db5bf24e8fe859e6dcfbc0a38fe95592f30a44deb565122e4e1036a457986",
      "category": "web"
    },
    {
      "path": "web/validation.html",
      "size": 25113,
      "sha256": "3bd27c9d09df62e666923da4aa26c59378e43d22df1615b8bc78582db9980bf4",
      "category": "web"
    },
    {
      "path": "web/js/formula-registry.js",
      "size": 59514,
      "sha256": "8dc47f82fffedae521f49678161ff7cd1409900df81cdf060864b3aa455fd57f",
      "category": "web"
    },
    {
      "path": "web/js/pm-paper-renderer.js",
      "size": 66643,
      "sha256": "dfbcd6798ecbd63dfa92598114746f62ce8e89e8285f279f1a812e6b17284101",
      "category": "web"
    },
    {
      "path": "web/js/pm-section-renderer.js",
      "size": 48857,
      "sha256": "cefcd134ce710c20349e087a7163cc40063a12f2af39ecf641d89a28d3f38ea2",
      "category": "web"
    },
    {
      "path": "web/js/pm-formula-renderer.js",
      "size": 21984,
      "sha256": "789390699bacfd35e64332c00e52cef140464adbd1dda791614d61af3d05b1c4",
      "category": "web"
    },
    {
      "path": "web/js/theory-constants.js",
      "size": 13793,
      "sha256": "e71223964964806351258b3dc45a9b16b0c221584eda9019061b832526a8cd85",
      "category": "web"
    },
    {
      "path": "web/css/styles.css",
      "size": 91202,
      "sha256": "03f25392db3746c7c05a9c2713975fd0d5789e73047cb5d2da9e8c3a845089a7",
      "category": "web"
    },
    {
      "path": "web/css/pm-common.css",
      "size": 17677,
      "sha256": "0a50ca4b6feb56e812ef80e9b3947de62c2eb07649020017bd9bb2d70c966f1e",
      "category": "web"
    },
    {
      "path": "web/css/pm-section-paper.css",
      "size": 21969,
      "sha256": "f23976da6a7418e2539a04e9970eef4080f408d3d0aa8ef52284675c6322d423",
      "category": "web"
    },
    {
      "path": "web/css/pm-header.css",
      "size": 8608,
      "sha256": "d2ca70451e4a65776d518260fa6f56a78857684b3df1cc79d6f7bf1fc7cdda09",
      "category": "web"
    },
    {
      "path": "web/css/formula-metadata.css",
      "size": 16975,
      "sha256": "72d5b2f4848f9bf5458ea2fb56f0711ca34a443c36a90fb48e353bc65993d7af",
      "category": "web"
    }
  ]
}