{
  "title": "Principia Metaphysica: A Unified Theory of Gravity, Gauge Forces, and Time",
  "upload_type": "publication",
  "publication_type": "article",
  "description": "Complete theoretical framework and computational implementation for Principia Metaphysica v16.2, including all formulas, parameters, and validation data.",
  "creators": [
    {
      "name": "Watts, Andrew Keith",
      "affiliation": "Independent Researcher",
      "orcid": "0000-0000-0000-0000"
    }
  ],
  "keywords": [
    "unified field theory",
    "grand unified theory",
    "higher-dimensional geometry",
    "dark energy",
    "SO(10) GUT",
    "G2 manifold",
    "extra dimensions",
    "thermal time hypothesis"
  ],
  "access_right": "open",
  "license": "other-open",
  "version": "v16.2",
  "language": "eng",
  "related_identifiers": [
    {
      "relation": "isSupplementTo",
      "identifier": "https://principiametaphysica.com"
    },
    {
      "relation": "isSupplementTo",
      "identifier": "https://github.com/andrewkwatts/PrincipiaMetaphysica"
    }
  ]
}